Ticker,YF_Ticker,name
NVDA,NVDA,NVIDIA Corporation
AMZN,AMZN,"Amazon.com, Inc."
TSM,TSM,"Taiwan Semiconductor Manufacturing Co., Ltd. Sponsored ADR"
AVGO,AVGO,Broadcom Inc.
TSLA,TSLA,"Tesla, Inc."
META,META,Meta Platforms Inc Class A
MU,MU,"Micron Technology, Inc."
AMD,AMD,"Advanced Micro Devices, Inc."
ASML,ASML,ASML Holding NV Sponsored ADR
INTC,INTC,Intel Corporation
ORCL/PD,ORCL/PD,"Oracle Corporation Depositary Shs Repr 1/2,000th Int 6.50% Mand Con Pfd Shs Ser -D-"
ORCL,ORCL,Oracle Corporation
AMAT,AMAT,"Applied Materials, Inc."
LRCX,LRCX,Lam Research Corporation
CSCO,CSCO,"Cisco Systems, Inc."
ARM,ARM,ARM Holdings PLC Sponsored ADR
CAT,CAT,Caterpillar Inc.
KLAC,KLAC,KLA Corporation
SNDK,SNDK,Sandisk Corporation
GS,GS,"Goldman Sachs Group, Inc."
PLTR,PLTR,Palantir Technologies Inc. Class A
GEV,GEV,GE Vernova Inc.
TXN,TXN,Texas Instruments Incorporated
MRVL,MRVL,"Marvell Technology, Inc."
DELL,DELL,"Dell Technologies, Inc. Class C"
WDC,WDC,Western Digital Corporation
STX,STX,Seagate Technology Holdings PLC
QCOM,QCOM,QUALCOMM Incorporated
PANW,PANW,"Palo Alto Networks, Inc."
IBM,IBM,International Business Machines Corporation
ANET,ANET,Arista Networks Inc
ADI,ADI,"Analog Devices, Inc."
APH,APH,Amphenol Corporation Class A
SAP,SAP,SAP SE Sponsored ADR
BA,BA,Boeing Company
CRWD,CRWD,"CrowdStrike Holdings, Inc. Class A"
GLW,GLW,Corning Inc
ETN,ETN,Eaton Corp. Plc
IBKR,IBKR,"Interactive Brokers Group, Inc. Class A"
SCCO,SCCO,Southern Copper Corporation
APP,APP,AppLovin Corp. Class A
BX,BX,Blackstone Inc.
HON,HON,Honeywell International Inc.
SHOP,SHOP,"Shopify, Inc. Class A"
BKNG,BKNG,Booking Holdings Inc.
VRT,VRT,Vertiv Holdings Co. Class A
CRM,CRM,"Salesforce, Inc."
HWM,HWM,Howmet Aerospace Inc.
NEM,NEM,Newmont Corporation
CDNS,CDNS,"Cadence Design Systems, Inc."
FTNT,FTNT,"Fortinet, Inc."
PWR,PWR,"Quanta Services, Inc."
CMI,CMI,Cummins Inc.
FCX,FCX,"Freeport-McMoRan, Inc."
CEG,CEG,Constellation Energy Corporation
NOW,NOW,"ServiceNow, Inc."
HOOD,HOOD,"Robinhood Markets, Inc. Class A"
SPOT,SPOT,Spotify Technology SA
BE,BE,Bloom Energy Corporation Class A
CME,CME,CME Group Inc. Class A
JCI,JCI,Johnson Controls International plc
SNPS,SNPS,"Synopsys, Inc."
KKR,KKR,KKR & Co Inc
CNQ,CNQ,Canadian Natural Resources Limited
AEM,AEM,Agnico Eagle Mines Limited
ASX,ASX,"ASE Technology Holding Co., Ltd. Sponsored ADR"
RCL,RCL,Royal Caribbean Group
MELI,MELI,"MercadoLibre, Inc."
SNOW,SNOW,"Snowflake, Inc."
NET,NET,Cloudflare Inc Class A
DDOG,DDOG,"Datadog, Inc. Class A"
NXPI,NXPI,NXP Semiconductors NV
ACN,ACN,Accenture Plc Class A
FDX,FDX,FedEx Corporation
ADBE,ADBE,Adobe Inc.
MPWR,MPWR,"Monolithic Power Systems, Inc."
COHR,COHR,Coherent Corp.
ICE,ICE,"Intercontinental Exchange, Inc."
DASH,DASH,"DoorDash, Inc. Class A"
NOK,NOK,Nokia Oyj Sponsored ADR
CRH,CRH,CRH public limited company
INTU,INTU,Intuit Inc.
CVNA,CVNA,Carvana Co. Class A
NBIS,NBIS,Nebius Group N.V. Class A
SLB,SLB,SLB Limited
GM,GM,General Motors Company
ALAB,ALAB,"Astera Labs, Inc."
MPC,MPC,Marathon Petroleum Corporation
VLO,VLO,Valero Energy Corporation
STM,STM,STMicroelectronics NV Sponsored ADR RegS
FIX,FIX,"Comfort Systems USA, Inc."
TER,TER,"Teradyne, Inc."
B,B,Barrick Mining Corporation
URI,URI,"United Rentals, Inc."
NKE,NKE,"NIKE, Inc. Class B"
PSX,PSX,Phillips 66
LITE,LITE,"Lumentum Holdings, Inc."
CRWV,CRWV,"CoreWeave, Inc. Class A"
TEL,TEL,TE Connectivity plc
HPE/PC,HPE/PC,Hewlett Packard Enterprise Co. 7.625 % Conv Pfd Registered Shs 2024-01.09.27 Series C
HPE,HPE,Hewlett Packard Enterprise Co.
KEYS,KEYS,Keysight Technologies Inc
RKLB,RKLB,Rocket Lab Corporation
NU,NU,Nu Holdings Ltd. Class A
CIEN,CIEN,Ciena Corporation
CARR,CARR,Carrier Global Corp.
BKR,BKR,Baker Hughes Company Class A
UMC,UMC,United Microelectronics Corp. Sponsored ADR
F,F,Ford Motor Company
SE,SE,Sea Limited Sponsored ADR Class A
WPM,WPM,Wheaton Precious Metals Corp
NUE,NUE,Nucor Corporation
DAL,DAL,"Delta Air Lines, Inc."
VST,VST,Vistra Corp.
MCHPP,MCHPP,Microchip Technology Incorporated Pfd Shs Depositary Shares Repr 1/20th Conv Pfd Shs Series A
MCHP,MCHP,Microchip Technology Incorporated
FLEX,FLEX,Flex Ltd
FANG,FANG,"Diamondback Energy, Inc."
CBRS,CBRS,"Cerebras Systems, Inc. Class A"
OXY,OXY,Occidental Petroleum Corporation
CRDO,CRDO,Credo Technology Group Holding Ltd.
DVN,DVN,Devon Energy Corporation
ON,ON,ON Semiconductor Corporation
LNG,LNG,"Cheniere Energy, Inc."
GFS,GFS,GlobalFoundries Inc.
CVE,CVE,Cenovus Energy Inc.
MT,MT,ArcelorMittal SA ADR
NDAQ,NDAQ,"Nasdaq, Inc."
CCJ,CCJ,Cameco Corporation
ODFL,ODFL,"Old Dominion Freight Line, Inc."
AU,AU,Anglogold Ashanti PLC
INFY,INFY,Infosys Limited Sponsored ADR
DHI,DHI,"D.R. Horton, Inc."
XYZ,XYZ,"Block, Inc. Class A"
VIK,VIK,Viking Holdings Ltd
COIN,COIN,"Coinbase Global, Inc. Class A"
CLS,CLS,Celestica Inc.
CCL,CCL,Carnival Corporation Ltd.
FNV,FNV,Franco-Nevada Corporation
CMG,CMG,"Chipotle Mexican Grill, Inc."
ADSK,ADSK,"Autodesk, Inc."
RKT,RKT,"Rocket Companies, Inc. Class A"
HEI.A,HEI-A,HEICO Corporation Class A
MSTR,MSTR,Strategy Inc Class A
STRC,STRC,Strategy Inc 11.5% Perp Stretch PFD Registered Shs Series A
STRK,STRK,Strategy Inc 8 % Pfd Registered shs Series A
STRD,STRD,Strategy Inc 10 % Perp Stride Pfd Registered Shs Series A
BIDU,BIDU,"Baidu, Inc. Sponsored ADR Class A"
JBL,JBL,Jabil Inc.
WDS,WDS,Woodside Energy Group Ltd Sponsored ADR
UAL,UAL,"United Airlines Holdings, Inc."
ERIC,ERIC,Telefonaktiebolaget LM Ericsson Sponsored ADR Class B
TKO,TKO,"TKO Group Holdings, Inc. Class A"
PYPL,PYPL,"PayPal Holdings, Inc."
EME,EME,"EMCOR Group, Inc."
ESLT,ESLT,Elbit Systems Ltd
RBLX,RBLX,Roblox Corp. Class A
EC,EC,Ecopetrol SA Sponsored ADR
ADM,ADM,Archer-Daniels-Midland Company
STLD,STLD,"Steel Dynamics, Inc."
CCI,CCI,Crown Castle Inc.
UI,UI,Ubiquiti Inc.
SUNB,SUNB,Sunbelt Rentals Holdings Inc
Q,Q,"Qnity Electronics, Inc."
HSY,HSY,Hershey Company
TRI,TRI,Thomson Reuters Corporation
AXON,AXON,Axon Enterprise Inc
RDDT,RDDT,"Reddit, Inc. Class A"
CPNG,CPNG,"Coupang, Inc. Class A"
TSEM,TSEM,Tower Semiconductor Ltd
KGC,KGC,Kinross Gold Corporation
SATS,SATS,EchoStar Corporation Class A
TECK,TECK,Teck Resources Limited Class B
ASTS,ASTS,"AST SpaceMobile, Inc. Class A"
NTAP,NTAP,"NetApp, Inc."
CASY,CASY,"Casey's General Stores, Inc."
EL,EL,Estee Lauder Companies Inc. Class A
AMRZ,AMRZ,Amrize Ltd
BAP,BAP,Credicorp Ltd.
GFI,GFI,Gold Fields Limited Sponsored ADR
MTZ,MTZ,"MasTec, Inc."
MTSI,MTSI,"MACOM Technology Solutions Holdings, Inc."
HAL,HAL,Halliburton Company
CRS,CRS,Carpenter Technology Corporation
TPR,TPR,"Tapestry, Inc."
EXPE,EXPE,"Expedia Group, Inc."
WDAY,WDAY,"Workday, Inc. Class A"
ARES,ARES,Ares Management Corporation
NVT,NVT,nVent Electric plc
CW,CW,Curtiss-Wright Corporation
NRG,NRG,"NRG Energy, Inc."
FTAI,FTAI,FTAI Aviation Ltd.
TWLO,TWLO,"Twilio, Inc. Class A"
CQP,CQP,"Cheniere Energy Partners, L.P."
CPRT,CPRT,"Copart, Inc."
FSLR,FSLR,"First Solar, Inc."
ATI,ATI,ATI Inc
MKSI,MKSI,MKS Inc.
VG,VG,"Venture Global, Inc. Class A"
ENTG,ENTG,"Entegris, Inc."
MDB,MDB,"MongoDB, Inc. Class A"
WSM,WSM,"Williams-Sonoma, Inc."
STRL,STRL,"Sterling Infrastructure, Inc."
FTI,FTI,TechnipFMC plc
WWD,WWD,"Woodward, Inc."
JBHT,JBHT,"J.B. Hunt Transport Services, Inc."
FISV,FISV,"Fiserv, Inc."
FICO,FICO,Fair Isaac Corporation
ZM,ZM,"Zoom Communications, Inc. Class A"
SYM,SYM,"Symbotic, Inc. Class A"
DG,DG,Dollar General Corporation
VEEV,VEEV,Veeva Systems Inc Class A
P,P,"Everpure, Inc. Class A"
AFRM,AFRM,"Affirm Holdings, Inc. Class A"
TPL,TPL,Texas Pacific Land Corporation
FDXF,FDXF,"FedEx Freight Holding Company, Inc."
LPLA,LPLA,LPL Financial Holdings Inc.
TW,TW,"Tradeweb Markets, Inc. Class A"
LUV,LUV,Southwest Airlines Co.
XPO,XPO,"XPO, Inc."
SW,SW,Smurfit Westrock PLC
SOFI,SOFI,SoFi Technologies Inc
SNX,SNX,TD SYNNEX Corporation
DOW,DOW,"Dow, Inc."
VRSK,VRSK,"Verisk Analytics, Inc."
CPAY,CPAY,"Corpay, Inc."
TTMI,TTMI,"TTM Technologies, Inc."
AMKR,AMKR,"Amkor Technology, Inc."
CIB,CIB,Grupo Cibest S.A. Unsponsored ADR Pfd
LEN.B,LEN-B,Lennar Corporation Class B
LEN,LEN,Lennar Corporation Class A
SQM,SQM,Sociedad Quimica y Minera de Chile S.A. Sponsored ADR Pfd Series B
BG,BG,Bunge Global SA
FFIV,FFIV,"F5, Inc."
HPQ,HPQ,HP Inc.
DLTR,DLTR,"Dollar Tree, Inc."
IREN,IREN,IREN Limited
AS,AS,"Amer Sports, Inc."
BURL,BURL,"Burlington Stores, Inc."
IONQ,IONQ,"IonQ, Inc."
LSCC,LSCC,Lattice Semiconductor Corporation
TEAM,TEAM,Atlassian Corp Class A
DKS,DKS,"Dick's Sporting Goods, Inc."
RIVN,RIVN,"Rivian Automotive, Inc. Class A"
FOX,FOX,Fox Corporation Class B
FOXA,FOXA,Fox Corporation Class A
YPF,YPF,YPF SA Sponsored ADR Class D
CTSH,CTSH,Cognizant Technology Solutions Corporation Class A
PAAS,PAAS,Pan American Silver Corp.
FN,FN,Fabrinet
ROKU,ROKU,"Roku, Inc. Class A"
OKTA,OKTA,"Okta, Inc. Class A"
OMC,OMC,Omnicom Group Inc
ZS,ZS,"Zscaler, Inc."
CRCL,CRCL,"Circle Internet Group, Inc. Class A"
SN,SN,"SharkNinja, Inc."
SMCI,SMCI,"Super Micro Computer, Inc."
SBAC,SBAC,SBA Communications Corp. Class A
TLN,TLN,Talen Energy Corp
FIS,FIS,"Fidelity National Information Services, Inc."
ULTA,ULTA,Ulta Beauty Inc.
IP,IP,International Paper Company
LYB,LYB,LyondellBasell Industries NV
FPS,FPS,"Forgent Power Solutions, Inc. Class A"
SITM,SITM,SiTime Corporation
H,H,Hyatt Hotels Corporation Class A
NXT,NXT,Nextpower Inc. Class A
ALB,ALB,Albemarle Corporation
ALB/PA,ALB/PA,Albemarle Corporation Depository Shs Repr 1/20th 7.25 % Conv Pfd Registered Shs
BWXT,BWXT,"BWX Technologies, Inc."
CX,CX,Cemex SAB de CV Sponsored ADR
APG,APG,APi Group Corporation
LII,LII,Lennox International Inc.
IOT,IOT,"Samsara, Inc. Class A"
ULS,ULS,UL Solutions Inc. Class A
EFX,EFX,Equifax Inc.
GPN,GPN,Global Payments Inc.
NVMI,NVMI,Nova Ltd.
RGLD,RGLD,"Royal Gold, Inc."
AKAM,AKAM,"Akamai Technologies, Inc."
CDE,CDE,"Coeur Mining, Inc."
DOCN,DOCN,"DigitalOcean Holdings, Inc."
ARXS,ARXS,"Arxis, Inc. Class A"
WCC,WCC,"WESCO International, Inc."
FLUT,FLUT,Flutter Entertainment Plc
CHTR,CHTR,"Charter Communications, Inc. Class A"
PKX,PKX,POSCO Holdings Inc. Sponsored ADR
ONTO,ONTO,"Onto Innovation, Inc."
GNRC,GNRC,Generac Holdings Inc.
CDW,CDW,CDW Corporation
TPG,TPG,TPG Inc Class A
CG,CG,Carlyle Group Inc
LTM,LTM,LATAM Airlines Group SA Sponsored ADR
BR,BR,"Broadridge Financial Solutions, Inc."
TSCO,TSCO,Tractor Supply Company
KSPI,KSPI,Kaspi.kz Joint Stock Company Sponsored ADR RegS
CF,CF,"CF Industries Holdings, Inc."
SGI,SGI,Somnigroup International Inc.
BBY,BBY,"Best Buy Co., Inc."
MOD,MOD,Modine Manufacturing Company
AA,AA,Alcoa Corporation
PR,PR,Permian Resources Corporation Class A
RMBS,RMBS,Rambus Inc.
AGI,AGI,Alamos Gold Inc.
LOGI,LOGI,Logitech International S.A.
DECK,DECK,Deckers Outdoor Corporation
VICR,VICR,Vicor Corporation
RRX,RRX,Regal Rexnord Corporation
SMTC,SMTC,Semtech Corporation
BWA,BWA,BorgWarner Inc.
OVV,OVV,Ovintiv Inc
WMG,WMG,Warner Music Group Corp. Class A
CSL,CSL,Carlisle Companies Incorporated
GEN,GEN,Gen Digital Inc.
PNFP,PNFP,"Pinnacle Financial Partners, Inc."
NWSA,NWSA,News Corporation Class A
RBRK,RBRK,"Rubrik, Inc. Class A"
JHX,JHX,James Hardie Industries PLC
EVR,EVR,Evercore Inc. Class A
WULF,WULF,TeraWulf Inc.
TOST,TOST,"Toast, Inc. Class A"
J,J,Jacobs Solutions Inc.
IESC,IESC,"IES Holdings, Inc."
AEIS,AEIS,"Advanced Energy Industries, Inc."
TIGO,TIGO,Millicom International Cellular SA
HUT,HUT,Hut 8 Corp.
JLL,JLL,Jones Lang LaSalle Incorporated
DY,DY,"Dycom Industries, Inc."
SOLS,SOLS,"Solstice Advanced Materials, Inc."
FUTU,FUTU,Futu Holdings Ltd. Sponsored ADR Class A
SWK,SWK,"Stanley Black & Decker, Inc."
APTV,APTV,Aptiv PLC
LDOS,LDOS,"Leidos Holdings, Inc."
GLXY,GLXY,Galaxy Digital Inc. Class A
PS,PS,Pershing Square Inc.
APLD,APLD,Applied Digital Corporation
LULU,LULU,lululemon athletica inc.
PTC,PTC,PTC Inc.
MEDP,MEDP,"Medpace Holdings, Inc."
DKNG,DKNG,"DraftKings, Inc. Class A"
WSE,WSE,Wise Group plc Class A
MOG.A,MOG-A,Moog Inc. Class A
SUN,SUN,Sunoco LP
CNH,CNH,CNH Industrial NV
SANM,SANM,Sanmina Corporation
SKM,SKM,"SK Telecom Co., Ltd. Sponsored ADR"
QXO/PB,QXO/PB,"QXO, Inc. Deposit Shs Repr 1/20th Conv Cum Pfd Shs Series B"
QXO,QXO,"QXO, Inc."
ONON,ONON,On Holding AG Class A
GIB,GIB,CGI Inc. Class A
CHKP,CHKP,Check Point Software Technologies Ltd.
JBS,JBS,JBS N.V. Class A
JEF,JEF,Jefferies Financial Group Inc.
NTNX,NTNX,"Nutanix, Inc. Class A"
PAC,PAC,Grupo Aeroportuario del Pacifico SAB de CV Sponsored ADR Class B
XPEV,XPEV,"XPeng, Inc. ADR Sponsored Class A"
IVZ,IVZ,Invesco Ltd.
TRU,TRU,TransUnion
CSGP,CSGP,"CoStar Group, Inc."
DRS,DRS,"Leonardo DRS, Inc."
BF.A,BF-A,Brown-Forman Corporation Class A
SPXC,SPXC,"SPX Technologies, Inc."
LFUS,LFUS,"Littelfuse, Inc."
COKE,COKE,"Coca-Cola Consolidated, Inc."
ENLT,ENLT,Enlight Renewable Energy Ltd
DT,DT,"Dynatrace, Inc."
KNX,KNX,Knight-Swift Transportation Holdings Inc. Class A
U,U,"Unity Software, Inc."
MGM,MGM,MGM Resorts International
TFII,TFII,TFI International Inc.
CIFR,CIFR,Cipher Digital Inc.
ARW,ARW,"Arrow Electronics, Inc."
SJM,SJM,J.M. Smucker Company
TYL,TYL,"Tyler Technologies, Inc."
W,W,"Wayfair, Inc. Class A"
TXRH,TXRH,"Texas Roadhouse, Inc."
APA,APA,APA Corporation
FORM,FORM,"FormFactor, Inc."
BROS,BROS,"Dutch Bros, Inc. Class A"
DINO,DINO,HF Sinclair Corporation
SAIA,SAIA,"Saia, Inc."
VIAV,VIAV,Viavi Solutions Inc
TRMB,TRMB,Trimble Inc.
PINS,PINS,"Pinterest, Inc. Class A"
WMS,WMS,"Advanced Drainage Systems, Inc."
ZBRA,ZBRA,Zebra Technologies Corporation Class A
AAON,AAON,"AAON, Inc."
ESI,ESI,Element Solutions Inc
ICLR,ICLR,ICON Plc
VMI,VMI,"Valmont Industries, Inc."
EMBJ,EMBJ,Embraer S.A. Sponsored ADR
SNEX,SNEX,StoneX Group Inc.
CGNX,CGNX,Cognex Corporation
ALGM,ALGM,"Allegro MicroSystems, Inc."
HBM,HBM,Hudbay Minerals Inc
WYNN,WYNN,"Wynn Resorts, Limited"
SWKS,SWKS,"Skyworks Solutions, Inc."
MP,MP,MP Materials Corp Class A
POWL,POWL,"Powell Industries, Inc."
SIMO,SIMO,Silicon Motion Technology Corporation Sponsored ADR
BEP,BEP,Brookfield Renewable Partners LP
FIVE,FIVE,"Five Below, Inc."
HL,HL,Hecla Mining Company
OKLO,OKLO,Oklo Inc. Class A
RIOT,RIOT,"Riot Platforms, Inc."
AAL,AAL,American Airlines Group Inc.
CART,CART,Maplebear Inc.
FLS,FLS,Flowserve Corporation
CAVA,CAVA,"CAVA Group, Inc."
AGX,AGX,"Argan, Inc."
OC,OC,Owens Corning
CACI,CACI,CACI International Inc Class A
AR,AR,Antero Resources Corporation
WLK,WLK,Westlake Corporation
GDDY,GDDY,"GoDaddy, Inc. Class A"
MUSA,MUSA,"Murphy USA, Inc."
KTOS,KTOS,"Kratos Defense & Security Solutions, Inc."
FROG,FROG,JFrog Ltd.
FIG,FIG,"Figma, Inc. Class A"
HMY,HMY,Harmony Gold Mining Co. Ltd. Sponsored ADR
FCFS,FCFS,"FirstCash Holdings, Inc."
FRVO,FRVO,Fervo Energy Company Class A
TKR,TKR,Timken Company
JOBY,JOBY,"Joby Aviation, Inc."
IAG,IAG,IAMGOLD Corporation
AHR,AHR,"American Healthcare REIT, Inc."
GME,GME,GameStop Corp. Class A
AYI,AYI,Acuity Inc.
GIL,GIL,Gildan Activewear Inc.
SIRI,SIRI,SiriusXM Holdings Inc.
LINE,LINE,"Lineage, Inc."
CNM,CNM,"Core & Main, Inc. Class A"
NCLH,NCLH,Norwegian Cruise Line Holdings Ltd.
AMG,AMG,"Affiliated Managers Group, Inc."
CORZ,CORZ,Core Scientific Inc
LGN,LGN,Legence Corp. Class A
SARO,SARO,"StandardAero, Inc."
RYAN,RYAN,"Ryan Specialty Holdings, Inc. Class A"
BMNR,BMNR,BitMine Immersion Technologies Inc
QBTS,QBTS,D-Wave Quantum Inc.
GGAL,GGAL,Grupo Financiero Galicia SA Sponsored ADR Class B
TEM,TEM,"Tempus AI, Inc. Class A"
FRO,FRO,Frontline Plc
TX,TX,Ternium S.A. Sponsored ADR
HUBS,HUBS,"HubSpot, Inc."
CAMT,CAMT,Camtek Ltd
GWRE,GWRE,"Guidewire Software, Inc."
JKHY,JKHY,"Jack Henry & Associates, Inc."
LLYVA,LLYVA,"Liberty Live Holdings, Inc. Registered Series -A-"
LLYVK,LLYVK,"Liberty Live Holdings, Inc. Series -C-"
BSY,BSY,"Bentley Systems, Incorporated Class B"
CRL,CRL,"Charles River Laboratories International, Inc."
MSGS,MSGS,Madison Square Garden Sports Corp. Class A
ARE,ARE,"Alexandria Real Estate Equities, Inc."
AG,AG,First Majestic Silver Corp.
ACM,ACM,AECOM
VSH,VSH,"Vishay Intertechnology, Inc."
TTC,TTC,Toro Company
FRHC,FRHC,Freedom Holding Corp.
BVN,BVN,Compania de Minas Buenaventura SAA Sponsored ADR
XE,XE,"X-Energy, Inc. Class A"
VSAT,VSAT,"ViaSat, Inc."
CTRE,CTRE,"CareTrust REIT, Inc."
TTD,TTD,"Trade Desk, Inc. Class A"
OSK,OSK,Oshkosh Corp
BLDR,BLDR,"Builders FirstSource, Inc."
DDS,DDS,"Dillard's, Inc. Class A"
QRVO,QRVO,"Qorvo, Inc."
EGO,EGO,Eldorado Gold Corporation
IT,IT,"Gartner, Inc."
DAR,DAR,Darling Ingredients Inc
BIRK,BIRK,Birkenstock Holding plc
AVAV,AVAV,"AeroVironment, Inc."
MAAS,MAAS,Maase Inc. Class A
CRUS,CRUS,"Cirrus Logic, Inc."
ENS,ENS,EnerSys
DOCU,DOCU,"DocuSign, Inc."
PAYP,PAYP,PayPay Corporation Sponsored ADR
AGCO,AGCO,AGCO Corporation
LTH,LTH,"Life Time Group Holdings, Inc."
FDS,FDS,FactSet Research Systems Inc.
ECG,ECG,"Everus Construction Group, Inc."
PLXS,PLXS,Plexus Corp.
CMC,CMC,Commercial Metals Company
NPO,NPO,Enpro Inc.
BAH,BAH,Booz Allen Hamilton Holding Corporation Class A
MXL,MXL,"MaxLinear, Inc."
XP,XP,XP Inc. Class A
CELH,CELH,"Celsius Holdings, Inc."
ORA,ORA,"Ormat Technologies, Inc."
MANH,MANH,"Manhattan Associates, Inc."
MIDD,MIDD,Middleby Corporation
STN,STN,Stantec Inc
CWEN,CWEN,"Clearway Energy, Inc. Class C"
IDCC,IDCC,"InterDigital, Inc."
RAL,RAL,Ralliant Corporation
TEX,TEX,Terex Corporation
KMX,KMX,"CarMax, Inc."
ACMR,ACMR,"ACM Research, Inc. Class A"
COMP,COMP,Compass Inc Class A
SFM,SFM,"Sprouts Farmers Market, Inc."
SAIL,SAIL,"SailPoint, Inc."
JAN,JAN,"Janus Living, Inc. Class A"
AVT,AVT,"Avnet, Inc."
FLR,FLR,Fluor Corporation
CHWY,CHWY,"Chewy, Inc. Class A"
HXL,HXL,Hexcel Corporation
ST,ST,Sensata Technologies Holding PLC
Z,Z,"Zillow Group, Inc. Class C"
ZG,ZG,"Zillow Group, Inc. Class A"
MOS,MOS,Mosaic Company
POOL,POOL,Pool Corporation
BILI,BILI,Bilibili Inc. Sponsored ADR Class Z
MYRG,MYRG,MYR Group Inc.
MWH,MWH,SOLV Energy Inc Class A
NEU,NEU,NewMarket Corporation
SSL,SSL,Sasol Limited Sponsored ADR
GTES,GTES,Gates Industrial Corporation plc
HQY,HQY,HealthEquity Inc
KLAR,KLAR,Klarna Group Plc
VNO,VNO,Vornado Realty Trust
TTEK,TTEK,"Tetra Tech, Inc."
RGTI,RGTI,"Rigetti Computing, Inc."
EAT,EAT,"Brinker International, Inc."
NXE,NXE,NexGen Energy Ltd.
LSTR,LSTR,"Landstar System, Inc."
ETSY,ETSY,"Etsy, Inc."
CLF,CLF,Cleveland-Cliffs Inc
LEA,LEA,Lear Corporation
KGS,KGS,"Kodiak Gas Services, Inc."
ROAD,ROAD,"Construction Partners, Inc. Class A"
EXP,EXP,Eagle Materials Inc.
CHRD,CHRD,Chord Energy Corporation
JBTM,JBTM,JBT Marel Corporation
ENPH,ENPH,"Enphase Energy, Inc."
YOU,YOU,"Clear Secure, Inc. Class A"
BBUC,BBUC,Brookfield Business Corporation Class A
MHK,MHK,"Mohawk Industries, Inc."
MRCY,MRCY,"Mercury Systems, Inc."
VFC,VFC,V.F. Corporation
RSI,RSI,"Rush Street Interactive, Inc. Class A"
CBC,CBC,"Central Bancompany, Inc."
SGHC,SGHC,Super Group (SGHC) Limited
MAIR,MAIR,Madison Air Solutions Corp. Class A
LAD,LAD,"Lithia Motors, Inc."
LOAR,LOAR,Loar Holdings Inc.
CHYM,CHYM,"Chime Financial, Inc. Class A"
NOV,NOV,NOV Inc.
KRMN,KRMN,Karman Holdings Inc.
ACA,ACA,"Arcosa, Inc."
CAR,CAR,"Avis Budget Group, Inc."
EQPT,EQPT,"EquipmentShare.com, Inc. Class A"
ACI,ACI,"Albertsons Companies, Inc. Class A"
NE,NE,Noble Corporation PLC Class A
IFS,IFS,Intercorp Financial Services Inc.
WFRD,WFRD,Weatherford International plc
LKQ,LKQ,LKQ Corporation
INGM,INGM,Ingram Micro Holding Corporation
URBN,URBN,"Urban Outfitters, Inc."
OR,OR,OR Royalties Inc.
VSXY,VSXY,Victoria's Secret & Company
SM,SM,SM Energy Company
PPC,PPC,Pilgrim's Pride Corporation
VIST,VIST,Vista Energy SAB de CV Sponsored ADR Class A
ESAB,ESAB,ESAB Corporation
GTX,GTX,Garrett Motion Inc
SSRM,SSRM,SSR Mining Inc
BMA,BMA,Banco Macro SA Sponsored ADR Class B
KLIC,KLIC,"Kulicke & Soffa Industries, Inc."
BZ,BZ,Kanzhun Ltd. Sponsored ADR
M,M,"Macy's, Inc."
CAG,CAG,"Conagra Brands, Inc."
CPB,CPB,Campbell's Company
WH,WH,"Wyndham Hotels & Resorts, Inc."
FIGR,FIGR,"Figure Technology Solutions, Inc. Class A"
GDS,GDS,GDS Holdings Ltd. Sponsored ADR Class A
SNDR,SNDR,"Schneider National, Inc. Class B"
CROX,CROX,"Crocs, Inc."
CPA,CPA,"Copa Holdings, S.A. Class A"
TFPM,TFPM,Triple Flag Precious Metals Corp.
TEO,TEO,Telecom Argentina SA Sponsored ADR
PRM,PRM,Perimeter Solutions Inc
MTDR,MTDR,Matador Resources Company
CHDN,CHDN,Churchill Downs Incorporated
VSEC,VSEC,VSE Corporation
VSECU,VSECU,VSE Corporation Tangible Equity Units
ESTC,ESTC,Elastic NV
TTAN,TTAN,"ServiceTitan, Inc. Class A"
SEI,SEI,"Solaris Energy Infrastructure, Inc. Class A"
CACC,CACC,Credit Acceptance Corporation
PCOR,PCOR,Procore Technologies Inc
NSA/PB,NSA/PB,National Storage Affiliates Trust 6 % Cum Red Pfd Registered Shs Series B
PAYC,PAYC,"Paycom Software, Inc."
OGC,OGC,OceanaGold Corporation
IBP,IBP,"Installed Building Products, Inc."
ZGN,ZGN,Ermenegildo Zegna N.V.
DUOL,DUOL,"Duolingo, Inc. Class A"
MORN,MORN,"Morningstar, Inc."
DBX,DBX,"Dropbox, Inc. Class A"
MATX,MATX,"Matson, Inc."
DSGX,DSGX,Descartes Systems Group Inc.
ACLS,ACLS,"Axcelis Technologies, Inc."
CECO,CECO,CECO Environmental Corp.
FND,FND,"Floor & Decor Holdings, Inc. Class A"
MTRN,MTRN,Materion Corporation
SPHR,SPHR,Sphere Entertainment Co. Class A
USAR,USAR,"USA Rare Earth, Inc. Class A"
NVTS,NVTS,Navitas Semiconductor Corporation
CE,CE,Celanese Corporation
PSN,PSN,Parsons Corporation
NAVN,NAVN,"Navan, Inc. Class A"
GLBE,GLBE,Global-e Online Ltd.
BKH,BKH,Black Hills Corporation
DOX,DOX,Amdocs Limited
CWST,CWST,"Casella Waste Systems, Inc. Class A"
NOVTU,NOVTU,Novanta Inc Units
NOVT,NOVT,Novanta Inc
BEPC,BEPC,Brookfield Renewable Holdings Corporation Class A
PRIM,PRIM,Primoris Services Corporation
SEZL,SEZL,Sezzle Inc.
ALK,ALK,"Alaska Air Group, Inc."
DIOD,DIOD,Diodes Incorporated
MC,MC,Moelis & Co. Class A
MDA,MDA,MDA Space Ltd
SYNA,SYNA,Synaptics Incorporated
VAL,VAL,Valaris Ltd.
UCTT,UCTT,"Ultra Clean Holdings, Inc."
BC,BC,Brunswick Corporation
LYFT,LYFT,"Lyft, Inc. Class A"
MARA,MARA,"MARA Holdings, Inc."
LPX,LPX,Louisiana-Pacific Corporation
PCTY,PCTY,Paylocity Holding Corp.
STEP,STEP,"StepStone Group, Inc. Class A"
VSNT,VSNT,"Versant Media Group, Inc. Class A"
HNGE,HNGE,"Hinge Health, Inc. Class A"
CVLT,CVLT,"Commvault Systems, Inc."
AIR,AIR,AAR CORP.
APPF,APPF,AppFolio Inc Class A
ALH,ALH,"Alliance Laundry Holdings, Inc."
ALM,ALM,Almonty Industries Inc.
AUGO,AUGO,Aura Minerals Inc
PATH,PATH,"UiPath, Inc. Class A"
AMTM,AMTM,"Amentum Holdings, Inc."
BOOT,BOOT,"Boot Barn Holdings, Inc."
CHH,CHH,"Choice Hotels International, Inc."
WSC,WSC,WillScot Holdings Corporation Class A
HRI,HRI,"Herc Holdings, Inc."
MTN,MTN,"Vail Resorts, Inc."
XMTR,XMTR,"Xometry, Inc. Class A"
S,S,"SentinelOne, Inc. Class A"
CENX,CENX,Century Aluminum Company
LAUR,LAUR,"Laureate Education, Inc."
TBBB,TBBB,"BBB Foods, Inc. Class A"
FBIN,FBIN,"Fortune Brands Innovations, Inc."
MTH,MTH,Meritage Homes Corporation
TGS,TGS,Transportadora de Gas del Sur SA Sponsored ADR Class B RegS
ENVA,ENVA,Enova International Inc
PEGA,PEGA,Pegasystems Inc.
OTEX,OTEX,Open Text Corporation
NXST,NXST,"Nexstar Media Group, Inc."
IPGP,IPGP,IPG Photonics Corporation
OTF,OTF,Blue Owl Technology Finance Corp.
LB,LB,LandBridge Company LLC Class A
MUR,MUR,Murphy Oil Corporation
CRC,CRC,California Resources Corp
NICE,NICE,NICE Ltd. Sponsored ADR
TREX,TREX,"Trex Company, Inc."
KNF,KNF,Knife River Corporation
SITE,SITE,"SiteOne Landscape Supply, Inc."
PAM,PAM,Pampa Energia SA Sponsored ADR
VECO,VECO,Veeco Instruments Inc.
POWI,POWI,"Power Integrations, Inc."
REZI,REZI,"Resideo Technologies, Inc."
SXT,SXT,Sensient Technologies Corporation
BDC,BDC,Belden Inc.
COCO,COCO,"Vita Coco Company, Inc."
G,G,Genpact Limited
HCC,HCC,"Warrior Met Coal, Inc."
AZZ,AZZ,AZZ Inc.
IRDM,IRDM,Iridium Communications Inc.
ZETA,ZETA,Zeta Global Holdings Corp. Class A
SRAD,SRAD,Sportradar Group AG Class A
CIGI,CIGI,Colliers International Group Inc.
MRX,MRX,Marex Group plc
MIR,MIR,"Mirion Technologies, Inc. Class A"
OLLI,OLLI,Ollie's Bargain Outlet Holdings Inc
CVCO,CVCO,"Cavco Industries, Inc."
CSTM,CSTM,Constellium SE Class A
ATAT,ATAT,Atour Lifestyle Holdings Ltd. Sponsored ADR
SKY,SKY,"Champion Homes, Inc."
SBRA,SBRA,"Sabra Health Care REIT, Inc."
CSW,CSW,"CSW Industrials, Inc."
HLNE,HLNE,Hamilton Lane Incorporated Class A
LMND,LMND,Lemonade Inc
LION,LION,Lionsgate Studios Corp.
CAAP,CAAP,Corporacion America Airports S.A.
GTLB,GTLB,"Gitlab, Inc. Class A"
ACIW,ACIW,"ACI Worldwide, Inc."
BBAR,BBAR,Banco BBVA Argentina SA Sponsored ADR
RELY,RELY,"Remitly Global, Inc."
LBRT,LBRT,"Liberty Energy, Inc. Class A"
MMYT,MMYT,MakeMyTrip Ltd.
CLSK,CLSK,"Cleanspark, Inc."
WEX,WEX,WEX Inc.
PBF,PBF,"PBF Energy, Inc. Class A"
WING,WING,"Wingstop, Inc."
FCN,FCN,"FTI Consulting, Inc."
STUB,STUB,StubHub Holdings Incorporation Class A
WHD,WHD,"Cactus, Inc. Class A"
BTDR,BTDR,Bitdeer Technologies Group Class A
LAZ,LAZ,Lazard Inc
HRB,HRB,"H&R Block, Inc."
DOO,DOO,"BRP, Inc."
SLM,SLM,SLM Corp
SAIC,SAIC,Science Applications International Corp.
KRC,KRC,Kilroy Realty Corporation
KTB,KTB,"Kontoor Brands, Inc."
SMR,SMR,NuScale Power Corporation Class A
PFSI,PFSI,"PennyMac Financial Services, Inc."
MKTX,MKTX,MarketAxess Holdings Inc.
LBRDA,LBRDA,Liberty Broadband Corp. Class A
LBRDK,LBRDK,Liberty Broadband Corp. Class C
ATMU,ATMU,"Atmus Filtration Technologies, Inc."
CNR,CNR,"Core Natural Resources, Inc."
PLNT,PLNT,"Planet Fitness, Inc. Class A"
ANDG,ANDG,"Andersen Group, Inc. Class A"
AKO.B,AKO-B,Embotelladora Andina S.A. Sponsored ADR Pfd Class B
RXO,RXO,"RXO, Inc."
CMBT,CMBT,CMB.TECH NV
INSW,INSW,"International Seaways, Inc."
GFF,GFF,Griffon Corporation
GPGI,GPGI,"GPGI, Inc. Class A"
HGV,HGV,"Hilton Grand Vacations, Inc."
KBR,KBR,"KBR, Inc."
OLED,OLED,Universal Display Corporation
BELFB,BELFB,Bel Fuse Inc. Class B
BELFA,BELFA,Bel Fuse Inc. Class A
BBWI,BBWI,"Bath & Body Works, Inc."
BFH,BFH,"Bread Financial Holdings, Inc."
MEOH,MEOH,Methanex Corporation
EXTR,EXTR,"Extreme Networks, Inc."
TPC,TPC,Tutor Perini Corporation
WBI,WBI,Waterbridge Infrastructure LLC Class A
TAC,TAC,TransAlta Corporation
MAT,MAT,"Mattel, Inc."
PII,PII,Polaris Inc.
CVSA,CVSA,Covista Inc.
NP,NP,"Neptune Insurance Holdings, Inc. Class A"
BRC,BRC,Brady Corporation Class A
PJT,PJT,"PJT Partners, Inc. Class A"
COLD,COLD,"Americold Realty Trust, Inc."
POST,POST,"Post Holdings, Inc."
EPAM,EPAM,"EPAM Systems, Inc."
DAVE,DAVE,"Dave, Inc. Class A"
XNDU,XNDU,Xanadu Quantum Technologies Limited Class B
LIF,LIF,"Life360, Inc."
KVYO,KVYO,"Klaviyo, Inc. Class A"
EXLS,EXLS,"ExlService Holdings, Inc."
BMI,BMI,"Badger Meter, Inc."
CNK,CNK,"Cinemark Holdings, Inc."
EE,EE,"Excelerate Energy, Inc. Class A"
PI,PI,"Impinj, Inc."
QLYS,QLYS,"Qualys, Inc."
GEO,GEO,GEO Group Inc
SLG,SLG,SL Green Realty Corp.
CHEF,CHEF,"Chefs' Warehouse, Inc."
ANF,ANF,Abercrombie & Fitch Co. Class A
WPP,WPP,WPP Plc Sponsored ADR
MANU,MANU,Manchester United Plc Class A
CRK,CRK,"Comstock Resources, Inc."
CAKE,CAKE,Cheesecake Factory Incorporated
VRNS,VRNS,"Varonis Systems, Inc."
SXI,SXI,Standex International Corporation
ELF,ELF,"e.l.f. Beauty, Inc."
PTEN,PTEN,"Patterson-UTI Energy, Inc."
PTRN,PTRN,"Pattern Group, Inc. Class A"
DLO,DLO,DLocal Limited Class A
THO,THO,"Thor Industries, Inc."
LEU,LEU,Centrus Energy Corp. Class A
SMG,SMG,Scotts Miracle-Gro Company Class A
DORM,DORM,"Dorman Products, Inc."
LOPE,LOPE,"Grand Canyon Education, Inc."
LBTYB,LBTYB,Liberty Global Ltd. Class B
LBTYK,LBTYK,Liberty Global Ltd. Class C
LBTYA,LBTYA,Liberty Global Ltd. Class A
DOCS,DOCS,"Doximity, Inc. Class A"
HGTY,HGTY,Hagerty Inc Class A
GPI,GPI,"Group 1 Automotive, Inc."
BETA,BETA,"BETA Technologies, Inc. Class A"
YETI,YETI,"YETI Holdings, Inc."
OSIS,OSIS,"OSI Systems, Inc."
MNDY,MNDY,monday.com Ltd.
LASR,LASR,"nLIGHT, Inc."
FG,FG,F&G Annuities & Life Inc
USAC,USAC,USA Compression Partners LP
AEHR,AEHR,Aehr Test Systems
AAP,AAP,"Advance Auto Parts, Inc."
BLSH,BLSH,Bullish
VEON,VEON,VEON Ltd. Sponsored ADR
OII,OII,"Oceaneering International, Inc."
KAI,KAI,Kadant Inc.
ITRI,ITRI,"Itron, Inc."
KEN,KEN,Kenon Holdings Ltd.
MIAX,MIAX,"Miami International Holdings, Inc."
SKE,SKE,Skeena Resources Limited
GEF.B,GEF-B,Greif Inc Class B
PVH,PVH,PVH Corp.
WAY,WAY,Waystar Holding Corp.
KN,KN,Knowles Corp.
FUL,FUL,H.B. Fuller Company
SEDG,SEDG,"SolarEdge Technologies, Inc."
LRN,LRN,"Stride, Inc."
ADEA,ADEA,Adeia Inc.
HP,HP,"Helmerich & Payne, Inc."
CDNL,CDNL,"Cardinal Infrastructure Group, Inc."
SIG,SIG,Signet Jewelers Limited
CRGY,CRGY,Crescent Energy Company Class A
BOX,BOX,"Box, Inc. Class A"
ICHR,ICHR,"Ichor Holdings, Ltd."
ARIS,ARIS,Aris Mining Corp
PENG,PENG,Penguin Solutions Incorporation
FIZZ,FIZZ,National Beverage Corp.
KBH,KBH,KB Home
TTAM,TTAM,Titan America SA
BFAM,BFAM,"Bright Horizons Family Solutions, Inc."
HWKN,HWKN,"Hawkins, Inc."
VAC,VAC,Marriott Vacations Worldwide Corporation
AD,AD,"Array Digital Infrastructure, Inc."
JOYY,JOYY,"JOYY, Inc. Sponsored ADR Class A"
BHE,BHE,"Benchmark Electronics, Inc."
CGAU,CGAU,Centerra Gold Inc.
NSIT,NSIT,"Insight Enterprises, Inc."
CALY,CALY,Callaway Golf Company
COHU,COHU,"Cohu, Inc."
CC,CC,Chemours Co.
KYIV,KYIV,Kyivstar Group Ltd.
USLM,USLM,"United States Lime & Minerals, Inc."
VGNT,VGNT,Versigent PLC
BILL,BILL,"BILL Holdings, Inc."
RHI,RHI,Robert Half Inc.
SHOO,SHOO,"Steven Madden, Ltd."
HIW,HIW,"Highwoods Properties, Inc."
AAUC,AAUC,Allied Gold Corporation
RUN,RUN,Sunrun Inc.
ARCB,ARCB,ArcBest Corporation
TDW,TDW,Tidewater Inc
ASO,ASO,"Academy Sports and Outdoors, Inc."
CLBT,CLBT,Cellebrite DI Ltd.
SA,SA,Seabridge Gold Inc
WRBY,WRBY,"Warby Parker, Inc. Class A"
IPAR,IPAR,"Interparfums, Inc."
GPK,GPK,Graphic Packaging Holding Company
HIMX,HIMX,"Himax Technologies, Inc. Sponsored ADR"
SII,SII,Sprott Inc.
DAN,DAN,Dana Incorporated
UNFI,UNFI,"United Natural Foods, Inc."
FOUR/PA,FOUR/PA,"Shift4 Payments, Inc. % Conv Cum Pfd Registered Shs Series A"
FOUR,FOUR,"Shift4 Payments, Inc. Class A"
ASH,ASH,Ashland Inc.
ETOR,ETOR,eToro Group Ltd. Class A
UPST,UPST,"Upstart Holdings, Inc."
ERO,ERO,Ero Copper Corp.
AMBA,AMBA,"Ambarella, Inc."
PPTA,PPTA,Perpetua Resources Corp.
DHT,DHT,"DHT Holdings, Inc."
VC,VC,Visteon Corporation
KC,KC,Kingsoft Cloud Holdings Ltd. Sponsored ADR
CWK,CWK,Cushman & Wakefield Ltd.
BTU,BTU,Peabody Energy Corporation
CTRI,CTRI,"Centuri Holdings, Inc."
TRMD,TRMD,TORM PLC Class A
PHIN,PHIN,PHINIA Inc.
HLIO,HLIO,"Helios Technologies, Inc."
KALU,KALU,Kaiser Aluminum Corporation
AEO,AEO,"American Eagle Outfitters, Inc."
CRVL,CRVL,CorVel Corporation
OUST,OUST,"Ouster, Inc."
PK,PK,"Park Hotels & Resorts, Inc."
TENB,TENB,"Tenable Holdings, Inc."
DBRG/PJ,DBRG/PJ,"DigitalBridge Group, Inc. 7.125 % Cum Red Perp Pfd Registered Shs Series J"
PLMR,PLMR,"Palomar Holdings, Inc."
INFQ,INFQ,"Infleqtion, Inc."
ATRO,ATRO,Astronics Corporation
EFXT,EFXT,Enerflex Ltd.
RNG,RNG,"RingCentral, Inc. Class A"
MZTI,MZTI,Marzetti Company
ZIM,ZIM,ZIM Integrated Shipping Services Ltd.
MMS,MMS,"MAXIMUS, Inc."
PSNY,PSNY,Polestar Automotive Holding UK PLC Sponsored ADR Class A
TDC,TDC,Teradata Corporation
ROG,ROG,Rogers Corporation
DBD,DBD,Diebold Nixdorf Inc
HTFL,HTFL,"HeartFlow, Inc."
BWIN,BWIN,"Baldwin Insurance Group, Inc. Class A"
PATK,PATK,"Patrick Industries, Inc."
CXW,CXW,"CoreCivic, Inc."
VISN,VISN,"Vistance Networks, Inc."
PENN,PENN,"PENN Entertainment, Inc."
AYA,AYA,Aya Gold & Silver Inc.
CLMT,CLMT,"Calumet, Inc."
NTCT,NTCT,"NetScout Systems, Inc."
ARX,ARX,Accelerant Holdings Class A
UNIT,UNIT,Uniti Group Inc.
FSLY,FSLY,"Fastly, Inc. Class A"
WT,WT,"WisdomTree, Inc."
RH,RH,RH
KMT,KMT,Kennametal Inc.
EXPO,EXPO,"Exponent, Inc."
FA,FA,First Advantage Corp.
CVI,CVI,"CVR Energy, Inc."
ATS,ATS,ATS Corporation
ATKR,ATKR,Atkore Inc
EROK,EROK,Eaglerock Land LLC Class A
BWLP,BWLP,BW LPG Limited
HUBG,HUBG,"Hub Group, Inc. Class A"
HSAI,HSAI,Hesai Group Sponsored ADR
ALGT,ALGT,Allegiant Travel Company
CARG,CARG,"CarGurus, Inc. Class A"
FRPT,FRPT,Freshpet Inc
HOG,HOG,"Harley-Davidson, Inc."
CXT,CXT,"Crane NXT, Co."
DXPE,DXPE,"DXP Enterprises, Inc."
PDFS,PDFS,"PDF Solutions, Inc."
BKV,BKV,BKV Corporation
GRDN,GRDN,"Guardian Pharmacy Services, Inc. Class A"
QTWO,QTWO,"Q2 Holdings, Inc."
DKL,DKL,Delek Logistics Partners LP
VVX,VVX,V2X Inc
AAMI,AAMI,Acadian Asset Management Inc.
WK,WK,Workiva Inc. Class A
PAY,PAY,"Paymentus Holdings, Inc Class A"
NMRK,NMRK,"Newmark Group, Inc. Class A"
BCC,BCC,Boise Cascade Co.
KWR,KWR,Quaker Houghton
DGII,DGII,Digi International Inc.
BW,BW,Babcock & Wilcox Enterprises Inc
TNK,TNK,Teekay Tankers Ltd Class A
STNE,STNE,StoneCo Ltd. Class A
AERO,AERO,"Grupo Aeromexico, S.A.B. de C.V. Unsponsored ADR"
BGSI,BGSI,Boyd Group Services Inc
CTOS,CTOS,Custom Truck One Source Inc
MGNI,MGNI,"Magnite, Inc."
PARR,PARR,Par Pacific Holdings Inc
SAH,SAH,"Sonic Automotive, Inc. Class A"
FUN,FUN,Six Flags Entertainment Corporation
DK,DK,Delek US Holdings Inc
SHAK,SHAK,"Shake Shack, Inc. Class A"
WHR,WHR,Whirlpool Corporation
HNI,HNI,HNI Corporation
OLN,OLN,Olin Corporation
EEFT,EEFT,"Euronet Worldwide, Inc."
CEPU,CEPU,Central Puerto SA Sponsored ADR
WTTR,WTTR,"Select Water Solutions, Inc. Class A"
NN,NN,NextNav Inc.
DCO,DCO,Ducommun Incorporated
NESR,NESR,National Energy Services Reunited Corp.
AGYS,AGYS,"Agilysys, Inc."
DNOW,DNOW,DNOW Inc.
WERN,WERN,"Werner Enterprises, Inc."
GCMG,GCMG,"GCM Grosvenor, Inc. Class A"
IMAX,IMAX,IMAX Corporation
QUBT,QUBT,Quantum Computing Inc.
KD,KD,Kyndryl Holdings Incorporation
ANDE,ANDE,"Andersons, Inc."
LCLN,LCLN,"Lincoln International, Inc. Class A"
CALX,CALX,"Calix, Inc."
SDRL,SDRL,Seadrill Limited
WLY,WLY,"John Wiley & Sons, Inc. Class A"
ATEN,ATEN,"A10 Networks, Inc."
HYMC,HYMC,Hycroft Mining Holding Corporation Class A
GRND,GRND,Grindr Inc.
AMR,AMR,"Alpha Metallurgical Resources, Inc."
BLBD,BLBD,Blue Bird Corporation
WIX,WIX,Wix.com Ltd.
CPRI,CPRI,Capri Holdings Limited
IMOS,IMOS,"ChipMOS Technologies, Inc. Sponsored ADR"
TALO,TALO,"Talos Energy, Inc."
AMPX,AMPX,Amprius Technologies Inc
XIFR,XIFR,"XPLR Infrastructure, LP"
BRZE,BRZE,"Braze, Inc. Class A"
LCII,LCII,LCI Industries
BXDC,BXDC,"Blackstone Digital Infrastructure Trust, Inc."
CHA,CHA,Chagee Holdings Limited Unsponsored ADR
UTI,UTI,"Universal Technical Institute, Inc."
LC,LC,LendingClub Corp
AVPT,AVPT,"AvePoint, Inc. Class A"
PRKS,PRKS,United Parks & Resorts Inc.
ALRM,ALRM,"Alarm.com Holdings, Inc."
ATHM,ATHM,Autohome Inc. Sponsored ADR Class A
PEB,PEB,Pebblebrook Hotel Trust
BRSL,BRSL,Brightstar Lottery PLC
PLUS,PLUS,ePlus inc.
BSTZ,BSTZ,BlackRock Science and Technology Term Trust of Benef Interest
TGLS,TGLS,Tecnoglass Inc.
HAWK,HAWK,"HawkEye 360, Inc."
NOG,NOG,"Northern Oil and Gas, Inc."
CCU,CCU,Compania Cervecerias Unidas S.A. Sponsored ADR
HUN,HUN,Huntsman Corporation
DRVN,DRVN,"Driven Brands Holdings, Inc."
TNET,TNET,"TriNet Group, Inc."
MNR,MNR,Mach Natural Resources LP
AMSC,AMSC,American Superconductor Corporation
WS,WS,"Worthington Steel, Inc."
FIGS,FIGS,"FIGS, Inc. Class A"
CMPR,CMPR,Cimpress Plc
FLOC,FLOC,Flowco Holdings Inc Class A
SKWD,SKWD,"Skyward Specialty Insurance Group, Inc."
PGNY,PGNY,"Progyny, Inc."
AIP,AIP,"Arteris, Inc."
AESI,AESI,Atlas Energy Solutions Inc.
AIN,AIN,Albany International Corp. Class A
ECO,ECO,Okeanis Eco Tankers Corp.
PRDO,PRDO,Perdoceo Education Corporation
TH,TH,Target Hospitality Corp.
NGL,NGL,NGL Energy Partners LP
FBYD,FBYD,"Falcon's Beyond Global, Inc. Class A"
PLAB,PLAB,"Photronics, Inc."
DEI,DEI,"Douglas Emmett, Inc"
FLYW,FLYW,Flywire Corp.
KSS,KSS,Kohl's Corporation
EZPW,EZPW,"EZCORP, Inc. Class A"
SPSC,SPSC,"SPS Commerce, Inc."
TRLV,TRLV,Trulieve Cannabis Corp.
QFIN,QFIN,"Qfin Holdings, Inc. Sponsored ADR Class A"
AMBQ,AMBQ,"Ambiq Micro, Inc."
PRLB,PRLB,"Proto Labs, Inc."
CTS,CTS,CTS Corporation
SLDE,SLDE,"Slide Insurance Holdings, Inc."
WMK,WMK,"Weis Markets, Inc."
TILE,TILE,"Interface, Inc."
NEXA,NEXA,Nexa Resources S.A.
DRD,DRD,DRDGOLD Ltd. Sponsored ADR
VPG,VPG,"Vishay Precision Group, Inc."
PLPC,PLPC,Preformed Line Products Company
UFPT,UFPT,"UFP Technologies, Inc."
PAX,PAX,Patria Investments Ltd. Class A
SAM,SAM,"Boston Beer Company, Inc. Class A"
CMRE,CMRE,Costamare Inc.
CYD,CYD,China Yuchai International Limited
CCS,CCS,"Century Communities, Inc."
PUMP,PUMP,ProPetro Holding Corp.
SKYT,SKYT,SkyWater Technology Inc
VERX,VERX,"Vertex, Inc. Class A"
WD,WD,"Walker & Dunlop, Inc."
ECPG,ECPG,"Encore Capital Group, Inc."
CNXN,CNXN,"PC Connection, Inc."
OMCL,OMCL,"Omnicell, Inc."
GEL,GEL,"Genesis Energy, L.P."
RMIX,RMIX,"Suncrete, Inc. Class A"
INVX,INVX,"Innovex International, Inc."
BOBS,BOBS,"Bob's Discount Furniture, Inc."
SONO,SONO,"Sonos, Inc."
SHLS,SHLS,"Shoals Technologies Group, Inc. Class A"
RCAT,RCAT,Red Cat Holdings Inc
TFIN,TFIN,"Triumph Financial, Inc."
IIPR,IIPR,Innovative Industrial Properties Inc
VSTS,VSTS,Vestis Corporation
INTA,INTA,"Intapp, Inc."
ZD,ZD,"Ziff Davis, Inc."
LPG,LPG,Dorian LPG Ltd.
LIND,LIND,"Lindblad Expeditions Holdings, Inc."
CBZ,CBZ,"CBIZ, Inc."
OPRA,OPRA,Opera Limited Sponsored ADR
HLIT,HLIT,Harmonic Inc.
ALNT,ALNT,Allient Inc.
ADNT,ADNT,Adient plc
IMKTA,IMKTA,"Ingles Markets, Incorporated Class A"
NCNO,NCNO,nCino Inc
ELVR,ELVR,Elevra Lithium Limited Unsponsored ADR
TPB,TPB,Turning Point Brands Inc
DV,DV,"DoubleVerify Holdings, Inc."
EVTC,EVTC,"EVERTEC, Inc."
LZB,LZB,La-Z-Boy Incorporated
SLVM,SLVM,Sylvamo Corporation
ALKT,ALKT,Alkami Technology Inc
BL,BL,"BlackLine, Inc."
CRI,CRI,Carter's Incorporated
XPRO,XPRO,Expro Group Holdings N.V.
SVV,SVV,Savers Value Village Inc.
SOC,SOC,Sable Offshore Corp.
MAN,MAN,ManpowerGroup Inc.
RVLV,RVLV,"Revolve Group, Inc Class A"
WBTN,WBTN,WEBTOON Entertainment Inc.
PRG,PRG,"PROG Holdings, Inc."
SHAZ,SHAZ,"SharonAI Holdings, Inc. Class A"
APPN,APPN,Appian Corporation Class A
AEVA,AEVA,"Aeva Technologies, Inc."
LINC,LINC,Lincoln Educational Services Corporation
CNXC,CNXC,Concentrix Corporation
SGML,SGML,Sigma Lithium Corporation
AMRC,AMRC,"Ameresco, Inc. Class A"
ATLC,ATLC,Atlanticus Holdings Corp.
TRIP,TRIP,"TripAdvisor, Inc."
REAL,REAL,"RealReal, Inc."
LEG,LEG,"Leggett & Platt, Incorporated"
TTI,TTI,"TETRA Technologies, Inc."
WYFI,WYFI,"WhiteFiber, Inc."
FIVN,FIVN,"Five9, Inc."
KMPR,KMPR,Kemper Corp
ENR,ENR,"Energizer Holdings, Inc."
PWP,PWP,Perella Weinberg Partners Class A
NNE,NNE,Nano Nuclear Energy Inc.
HURN,HURN,Huron Consulting Group Inc.
GIII,GIII,"G-III Apparel Group, Ltd."
KARO,KARO,Karooooo Ltd.
AI,AI,"C3.ai, Inc. Class A"
IRS,IRS,IRSA Inversiones y Representaciones SA Sponsored ADR
FTRE,FTRE,Fortrea Holdings Inc.
WLFC,WLFC,Willis Lease Finance Corporation
GLP,GLP,Global Partners LP
FMC,FMC,FMC Corporation
REX,REX,REX American Resources Corporation
WWW,WWW,"Wolverine World Wide, Inc."
AOSL,AOSL,Alpha and Omega Semiconductor Limited
RYZ,RYZ,Ryerson Holding Corporation
DAO,DAO,"Youdao, Inc. Sponsored ADR Class A"
WINA,WINA,Winmark Corporation
LOMA,LOMA,Loma Negra Compania Industrial Argentina SA Sponsored ADR
DFH,DFH,"Dream Finders Homes, Inc. Class A"
ARLO,ARLO,"Arlo Technologies, Inc."
JJSF,JJSF,J & J Snack Foods Corp.
ATEX,ATEX,Anterix Inc.
CEVA,CEVA,"CEVA, Inc."
NSP,NSP,"Insperity, Inc."
IDT,IDT,IDT Corporation Class B
MRTN,MRTN,"Marten Transport, Ltd."
PICS,PICS,PicS N.V. Class A
PRCH,PRCH,"Porch Group, Inc."
WLDN,WLDN,"Willdan Group, Inc."
EYE,EYE,"National Vision Holdings, Inc."
NPKI,NPKI,NPK International Inc.
NWPX,NWPX,NWPX Infrastructure Inc.
NSSC,NSSC,"NAPCO Security Technologies, Inc."
NRP,NRP,Natural Resource Partners L.P.
GLOB,GLOB,Globant SA
SBH,SBH,"Sally Beauty Holdings, Inc."
LGIH,LGIH,"LGI Homes, Inc."
GSHD,GSHD,"Goosehead Insurance, Inc. Class A"
FDP,FDP,Del Monte Corporation
ITRN,ITRN,Ituran Location and Control Ltd.
AIAI,AIAI,AIAI Holdings Corporation Class A
PGY,PGY,Pagaya Technologies Ltd Class A
EDN,EDN,Empresa Distribuidora Y Comercializadora Norte S.A. Sponsored ADR Class B
GHM,GHM,Graham Corporation
YSWY,YSWY,Yesway Inc Class A
ASTE,ASTE,"Astec Industries, Inc."
NBR,NBR,Nabors Industries Ltd.
CMP,CMP,"Compass Minerals International, Inc."
ODC,ODC,Oil-Dri Corporation of America
AFYA,AFYA,Afya Limited Class A
YELP,YELP,Yelp Inc.
XPEL,XPEL,"XPEL, Inc."
GCT,GCT,"GigaCloud Technology, Inc. Class A"
PRGS,PRGS,Progress Software Corporation
VIA,VIA,"Via Transportation, Inc. Class A"
BLKB,BLKB,"Blackbaud, Inc."
CRML,CRML,Critical Metals Corp.
HLF,HLF,Herbalife Ltd.
ADTN,ADTN,"ADTRAN Holdings, Inc."
GOLD,GOLD,"Gold.com, Inc."
TBN,TBN,Tamboran Resources Corporation
BV,BV,"BrightView Holdings, Inc."
ROCK,ROCK,"Gibraltar Industries, Inc."
CDRE,CDRE,"Cadre Holdings, Inc."
XZO,XZO,"Exzeo Group, Inc."
ICFI,ICFI,"ICF International, Inc."
CCEC,CCEC,Capital Clean Energy Carriers Corp.
AMN,AMN,"AMN Healthcare Services, Inc."
PZZA,PZZA,"Papa John's International, Inc."
SDGR,SDGR,"Schrodinger, Inc."
UAN,UAN,"CVR Partners, LP"
ASST,ASST,"Strive, Inc. Class A"
TWFG,TWFG,"TWFG, Inc. Class A"
RDWR,RDWR,Radware Ltd.
PBT,PBT,Permian Basin Royalty Trust
MUX,MUX,McEwen Inc.
BJRI,BJRI,"BJ's Restaurants, Inc."
SMPL,SMPL,Simply Good Foods Co
OPY,OPY,Oppenheimer Holdings Inc. Class A
MLKN,MLKN,"MillerKnoll, Inc."
TEN,TEN,Tsakos Energy Navigation Limited
HTLD,HTLD,"Heartland Express, Inc."
ASA,ASA,ASA Gold and Precious Metals Limited
MMI,MMI,"Marcus & Millichap, Inc."
CSIQ,CSIQ,Canadian Solar Inc.
THRM,THRM,Gentherm Incorporated
SAFE,SAFE,Safehold Inc.
SPH,SPH,"Suburban Propane Partners, L.P."
SIFY,SIFY,Sify Technologies Limited Sponsored ADR
PXED,PXED,"Phoenix Education Partners, Inc."
CCB,CCB,Coastal Financial Corporation
ALOY,ALOY,REalloys Inc.
PDS,PDS,Precision Drilling Corporation
CVLG,CVLG,"Covenant Logistics Group, Inc. Class A"
UPBD,UPBD,"Upbound Group, Inc."
EPC,EPC,Edgewell Personal Care Co.
RHLD,RHLD,"Resolute Holdings Management, Inc."
SENEA,SENEA,Seneca Foods Corporation Class A
CBRL,CBRL,"Cracker Barrel Old Country Store, Inc."
BH,BH,"Biglari Holdings, Inc. Class B"
BH.A,BH-A,"Biglari Holdings, Inc. Class A"
DLX,DLX,Deluxe Corporation
SUPV,SUPV,Grupo Supervielle SA Sponsored ADR Class B
OMDA,OMDA,"Omada Health, Inc."
GPRE,GPRE,Green Plains Inc.
IPX,IPX,Iperionx Ltd. Sponsored ADR
TK,TK,Teekay Corporation Ltd
MYE,MYE,"Myers Industries, Inc."
TRUP,TRUP,"Trupanion, Inc."
ELE,ELE,Elemental Royalty Corporation
HQ,HQ,Horizon Quantum Holdings Ltd Class A
ASIC,ASIC,Ategrity Specialty Insurance Company Holdings
AVO,AVO,"Mission Produce, Inc."
LIFE,LIFE,Ethos Technologies Inc. Class A
NBN,NBN,Northeast Bank
SCSC,SCSC,"ScanSource, Inc."
DAKT,DAKT,"Daktronics, Inc."
SBSI,SBSI,"Southside Bancshares, Inc."
