ticker,holder,shares,date_reported,pct_out,value,source,fetched_at
A,Blackrock Inc.,25902662,2026-03-31,,3441427689,yfinance,2026-07-22T12:20:48.089065Z
A,Vanguard Capital Management LLC,18381030,2026-03-31,,2442103657,yfinance,2026-07-22T12:20:48.089065Z
A,Vanguard Portfolio Management LLC,14352682,2026-03-31,,1906897339,yfinance,2026-07-22T12:20:48.089065Z
A,State Street Corporation,12764632,2026-03-31,,1695909015,yfinance,2026-07-22T12:20:48.089065Z
A,Massachusetts Financial Services Co.,12624090,2026-03-31,,1677236605,yfinance,2026-07-22T12:20:48.089065Z
A,"T. Rowe Price Investment Management, Inc.",8992649,2026-03-31,,1194763351,yfinance,2026-07-22T12:20:48.089065Z
A,"Geode Capital Management, LLC",7522028,2026-03-31,,999376644,yfinance,2026-07-22T12:20:48.089065Z
A,"Wellington Management Group, LLP",7256433,2026-03-31,,964089692,yfinance,2026-07-22T12:20:48.089065Z
A,Deutsche Bank AG,5984118,2026-03-31,,795049921,yfinance,2026-07-22T12:20:48.089065Z
A,Morgan Stanley,4949129,2026-03-31,,657541281,yfinance,2026-07-22T12:20:48.089065Z
AA,Blackrock Inc.,28392633,2026-03-31,,1259213230,yfinance,2026-07-22T12:20:48.089065Z
AA,Eagle Capital Management LLC,14097362,2026-03-31,,625217983,yfinance,2026-07-22T12:20:48.089065Z
AA,"FMR, LLC",12852778,2026-03-31,,570020684,yfinance,2026-07-22T12:20:48.089065Z
AA,Vanguard Portfolio Management LLC,12644935,2026-03-31,,560802847,yfinance,2026-07-22T12:20:48.089065Z
AA,Vanguard Capital Management LLC,11776650,2026-03-31,,522294409,yfinance,2026-07-22T12:20:48.089065Z
AA,State Street Corporation,10881537,2026-03-31,,482596149,yfinance,2026-07-22T12:20:48.089065Z
AA,Dimensional Fund Advisors LP,8625297,2026-03-31,,382531908,yfinance,2026-07-22T12:20:48.089065Z
AA,"Geode Capital Management, LLC",5942801,2026-03-31,,263563215,yfinance,2026-07-22T12:20:48.089065Z
AA,"AQR Capital Management, LLC",5171649,2026-03-31,,229362625,yfinance,2026-07-22T12:20:48.089065Z
AA,Morgan Stanley,4095810,2026-03-31,,181649167,yfinance,2026-07-22T12:20:48.089065Z
AADX,First Horizon Corp.,492,2026-06-30,,8870,yfinance,2026-07-22T12:20:48.089065Z
AADX,Lanark Financial Inc,100,2026-06-30,,1803,yfinance,2026-07-22T12:20:48.089065Z
AAL,Blackrock Inc.,58297854,2026-03-31,,890791193,yfinance,2026-07-22T12:20:48.089065Z
AAL,Primecap Management Company,48989954,2026-03-31,,748566484,yfinance,2026-07-22T12:20:48.089065Z
AAL,Vanguard Capital Management LLC,29271883,2026-03-31,,447274364,yfinance,2026-07-22T12:20:48.089065Z
AAL,Vanguard Portfolio Management LLC,28353042,2026-03-31,,433234474,yfinance,2026-07-22T12:20:48.089065Z
AAL,UBS Group AG,20825755,2026-03-31,,318217530,yfinance,2026-07-22T12:20:48.089065Z
AAL,State Street Corporation,19228066,2026-03-31,,293804843,yfinance,2026-07-22T12:20:48.089065Z
AAL,"Two Sigma Investments, LP",14180118,2026-03-31,,216672199,yfinance,2026-07-22T12:20:48.089065Z
AAL,"Geode Capital Management, LLC",12684826,2026-03-31,,193824137,yfinance,2026-07-22T12:20:48.089065Z
AAL,"Shaw D.E. & Co., Inc.",9863106,2026-03-31,,150708257,yfinance,2026-07-22T12:20:48.089065Z
AAL,"Renaissance Technologies, LLC",9687232,2026-03-31,,148020902,yfinance,2026-07-22T12:20:48.089065Z
AAMI,PAULSON & CO. INC.,7743282,2026-03-31,,650048500,yfinance,2026-07-22T12:20:48.089065Z
AAMI,Blackrock Inc.,4574232,2026-03-31,,384006762,yfinance,2026-07-22T12:20:48.089065Z
AAMI,Jennison Associates LLC,2022207,2026-03-31,,169764271,yfinance,2026-07-22T12:20:48.089065Z
AAMI,"Empyrean Capital Partners, LP",1308190,2026-03-31,,109822546,yfinance,2026-07-22T12:20:48.089065Z
AAMI,State Street Corporation,1209440,2026-03-31,,101532484,yfinance,2026-07-22T12:20:48.089065Z
AAMI,Vanguard Capital Management LLC,1158887,2026-03-31,,97288560,yfinance,2026-07-22T12:20:48.089065Z
AAMI,Dimensional Fund Advisors LP,904549,2026-03-31,,75936885,yfinance,2026-07-22T12:20:48.089065Z
AAMI,Vanguard Portfolio Management LLC,883909,2026-03-31,,74204157,yfinance,2026-07-22T12:20:48.089065Z
AAMI,Impax Asset Management Group plc,823323,2026-03-31,,69117963,yfinance,2026-07-22T12:20:48.089065Z
AAMI,"Geode Capital Management, LLC",747822,2026-03-31,,62779654,yfinance,2026-07-22T12:20:48.089065Z
AAOI,Blackrock Inc.,7192329,2026-03-31,,857757171,yfinance,2026-07-22T12:20:48.089065Z
AAOI,Vanguard Capital Management LLC,3061522,2026-03-31,,365117120,yfinance,2026-07-22T12:20:48.089065Z
AAOI,Oberweis Asset Management Inc.,2349969,2026-03-31,,280257307,yfinance,2026-07-22T12:20:48.089065Z
AAOI,"Jane Street Group, LLC",2279318,2026-03-31,,271831469,yfinance,2026-07-22T12:20:48.089065Z
AAOI,"Shaw D.E. & Co., Inc.",2117157,2026-03-31,,252492148,yfinance,2026-07-22T12:20:48.089065Z
AAOI,Invesco Ltd.,2014405,2026-03-31,,240237944,yfinance,2026-07-22T12:20:48.089065Z
AAOI,Vanguard Portfolio Management LLC,1801883,2026-03-31,,214892570,yfinance,2026-07-22T12:20:48.089065Z
AAOI,Price (T.Rowe) Associates Inc,1732381,2026-03-31,,206603761,yfinance,2026-07-22T12:20:48.089065Z
AAOI,State Street Corporation,1644293,2026-03-31,,196098386,yfinance,2026-07-22T12:20:48.089065Z
AAOI,"Geode Capital Management, LLC",1621305,2026-03-31,,193356837,yfinance,2026-07-22T12:20:48.089065Z
AAON,"Wellington Management Group, LLP",7977164,2026-03-31,,842468294,yfinance,2026-07-22T12:20:48.089065Z
AAON,Blackrock Inc.,6560422,2026-03-31,,692846171,yfinance,2026-07-22T12:20:48.089065Z
AAON,Vanguard Capital Management LLC,3099121,2026-03-31,,327298170,yfinance,2026-07-22T12:20:48.089065Z
AAON,Vanguard Portfolio Management LLC,2908091,2026-03-31,,307123492,yfinance,2026-07-22T12:20:48.089065Z
AAON,Wasatch Advisors LP,2338517,2026-06-30,,246970781,yfinance,2026-07-22T12:20:48.089065Z
AAON,State Street Corporation,2062614,2026-03-31,,217832665,yfinance,2026-07-22T12:20:48.089065Z
AAON,First Trust Advisors LP,2013215,2026-03-31,,212615637,yfinance,2026-07-22T12:20:48.089065Z
AAON,Geneva Capital Management LLC,1721631,2026-03-31,,181821450,yfinance,2026-07-22T12:20:48.089065Z
AAON,BLAIR WILLIAM & CO/IL,1622203,2026-03-31,,171320859,yfinance,2026-07-22T12:20:48.089065Z
AAON,"Champlain Investment Partners, LLC",1602006,2026-03-31,,169187854,yfinance,2026-07-22T12:20:48.089065Z
AAP,Blackrock Inc.,8926145,2026-03-31,,496650702,yfinance,2026-07-22T12:20:48.089065Z
AAP,Price (T.Rowe) Associates Inc,7984998,2026-03-31,,444285283,yfinance,2026-07-22T12:20:48.089065Z
AAP,Pzena Investment Management LLC,4301089,2026-03-31,,239312589,yfinance,2026-07-22T12:20:48.089065Z
AAP,Vanguard Portfolio Management LLC,3620603,2026-03-31,,201450348,yfinance,2026-07-22T12:20:48.089065Z
AAP,"Federated Hermes, Inc.",3042695,2026-03-31,,169295547,yfinance,2026-07-22T12:20:48.089065Z
AAP,Fuller & Thaler Asset Management Inc.,2828907,2026-03-31,,157400383,yfinance,2026-07-22T12:20:48.089065Z
AAP,Vanguard Capital Management LLC,2696717,2026-03-31,,150045332,yfinance,2026-07-22T12:20:48.089065Z
AAP,State Street Corporation,2434041,2026-03-31,,135430039,yfinance,2026-07-22T12:20:48.089065Z
AAP,Dimensional Fund Advisors LP,2127948,2026-03-31,,118399025,yfinance,2026-07-22T12:20:48.089065Z
AAP,American Century Companies Inc,1726639,2026-03-31,,96070192,yfinance,2026-07-22T12:20:48.089065Z
AAPL,Blackrock Inc.,1144695425,2026-03-31,,375162467410,yfinance,2026-07-22T12:20:48.089065Z
AAPL,Vanguard Capital Management LLC,953847648,2026-03-31,,312614018840,yfinance,2026-07-22T12:20:48.089065Z
AAPL,State Street Corporation,602341409,2026-03-31,,197411367503,yfinance,2026-07-22T12:20:48.089065Z
AAPL,"Geode Capital Management, LLC",368616954,2026-03-31,,120810516904,yfinance,2026-07-22T12:20:48.089065Z
AAPL,Vanguard Portfolio Management LLC,331437055,2026-03-31,,108625177169,yfinance,2026-07-22T12:20:48.089065Z
AAPL,"FMR, LLC",307442040,2026-03-31,,100761051187,yfinance,2026-07-22T12:20:48.089065Z
AAPL,Morgan Stanley,244474722,2026-03-31,,80124143000,yfinance,2026-07-22T12:20:48.089065Z
AAPL,JPMORGAN CHASE & CO,231622141,2026-03-31,,75911838229,yfinance,2026-07-22T12:20:48.089065Z
AAPL,"Berkshire Hathaway, Inc",227917808,2026-03-31,,74697780168,yfinance,2026-07-22T12:20:48.089065Z
AAPL,Price (T.Rowe) Associates Inc,200426620,2026-03-31,,65687818481,yfinance,2026-07-22T12:20:48.089065Z
AAT,Blackrock Inc.,9452442,2026-03-31,,239052266,yfinance,2026-07-22T12:20:48.089065Z
AAT,American Assets Inc,7374599,2026-03-31,,186503615,yfinance,2026-07-22T12:20:48.089065Z
AAT,Vanguard Portfolio Management LLC,5396960,2026-03-31,,136489123,yfinance,2026-07-22T12:20:48.089065Z
AAT,Senvest Management LLC,3577054,2026-03-31,,90463698,yfinance,2026-07-22T12:20:48.089065Z
AAT,State Street Corporation,2844330,2026-03-31,,71933108,yfinance,2026-07-22T12:20:48.089065Z
AAT,Vanguard Capital Management LLC,2118674,2026-03-31,,53581267,yfinance,2026-07-22T12:20:48.089065Z
AAT,LSV Asset Management,1976474,2026-03-31,,49985029,yfinance,2026-07-22T12:20:48.089065Z
AAT,"American Assets Investment Management, LLC",1477340,2026-03-31,,37361929,yfinance,2026-07-22T12:20:48.089065Z
AAT,"Geode Capital Management, LLC",1336571,2026-03-31,,33801881,yfinance,2026-07-22T12:20:48.089065Z
AAT,JPMORGAN CHASE & CO,1279523,2026-03-31,,32359137,yfinance,2026-07-22T12:20:48.089065Z
AAUC,Helikon Investments Ltd,12272202,2026-03-31,,258207141,yfinance,2026-07-22T12:20:48.089065Z
AAUC,FIL LTD,4951000,2026-03-31,,104169044,yfinance,2026-07-22T12:20:48.089065Z
AAUC,Barclays Plc,4789827,2026-03-31,,100777964,yfinance,2026-07-22T12:20:48.089065Z
AAUC,Boston Partners,4037648,2026-03-31,,84952117,yfinance,2026-07-22T12:20:48.089065Z
AAUC,Morgan Stanley,3771358,2026-03-31,,79349375,yfinance,2026-07-22T12:20:48.089065Z
AAUC,Millennium Management Llc,2654518,2026-03-31,,55851061,yfinance,2026-07-22T12:20:48.089065Z
AAUC,Vanguard Capital Management LLC,2622481,2026-03-31,,55177002,yfinance,2026-07-22T12:20:48.089065Z
AAUC,UBS Group AG,2562471,2026-03-31,,53914392,yfinance,2026-07-22T12:20:48.089065Z
AAUC,Magnetar Financial LLC,2518867,2026-03-31,,52996963,yfinance,2026-07-22T12:20:48.089065Z
AAUC,Bank of America Corporation,2521475,2026-03-31,,53051836,yfinance,2026-07-22T12:20:48.089065Z
AB,"FMR, LLC",1078857,2026-03-31,,40565021,yfinance,2026-07-22T12:20:48.089065Z
AB,American Century Companies Inc,961582,2026-03-31,,36155481,yfinance,2026-07-22T12:20:48.089065Z
AB,Bank of America Corporation,768009,2026-03-31,,28877137,yfinance,2026-07-22T12:20:48.089065Z
AB,Morgan Stanley,679754,2026-03-31,,25558749,yfinance,2026-07-22T12:20:48.089065Z
AB,LPL Financial LLC,516417,2026-03-31,,19417278,yfinance,2026-07-22T12:20:48.089065Z
AB,Wells Fargo & Company,495469,2026-03-31,,18629633,yfinance,2026-07-22T12:20:48.089065Z
AB,"Cresset Asset Management, LLC",378183,2026-03-31,,14219680,yfinance,2026-07-22T12:20:48.089065Z
AB,"Neuberger Berman Group, LLC",352716,2026-03-31,,13262121,yfinance,2026-07-22T12:20:48.089065Z
AB,Invesco Ltd.,336060,2026-03-31,,12635855,yfinance,2026-07-22T12:20:48.089065Z
AB,UBS Group AG,325156,2026-03-31,,12225865,yfinance,2026-07-22T12:20:48.089065Z
ABBV,Blackrock Inc.,150698125,2026-03-31,,38593790732,yfinance,2026-07-22T12:20:48.089065Z
ABBV,Vanguard Capital Management LLC,114880324,2026-03-31,,29420851677,yfinance,2026-07-22T12:20:48.089065Z
ABBV,State Street Corporation,81217516,2026-03-31,,20799806343,yfinance,2026-07-22T12:20:48.089065Z
ABBV,JPMORGAN CHASE & CO,56741691,2026-03-31,,14531547411,yfinance,2026-07-22T12:20:48.089065Z
ABBV,Vanguard Portfolio Management LLC,49523078,2026-03-31,,12682860578,yfinance,2026-07-22T12:20:48.089065Z
ABBV,"Geode Capital Management, LLC",46737581,2026-03-31,,11969494779,yfinance,2026-07-22T12:20:48.089065Z
ABBV,Morgan Stanley,38016774,2026-03-31,,9736096053,yfinance,2026-07-22T12:20:48.089065Z
ABBV,Capital Research Global Investors,31254786,2026-03-31,,8004350885,yfinance,2026-07-22T12:20:48.089065Z
ABBV,Bank of America Corporation,23936943,2026-03-31,,6130251248,yfinance,2026-07-22T12:20:48.089065Z
ABBV,"FMR, LLC",21762703,2026-03-31,,5573428371,yfinance,2026-07-22T12:20:48.089065Z
ABCB,Blackrock Inc.,9818406,2026-03-31,,890234854,yfinance,2026-07-22T12:20:48.089065Z
ABCB,Dimensional Fund Advisors LP,3896626,2026-03-31,,353307072,yfinance,2026-07-22T12:20:48.089065Z
ABCB,Vanguard Portfolio Management LLC,3694069,2026-03-31,,334941229,yfinance,2026-07-22T12:20:48.089065Z
ABCB,North Reef Capital Management LP,3423243,2026-03-31,,310385436,yfinance,2026-07-22T12:20:48.089065Z
ABCB,State Street Corporation,3319796,2026-03-31,,301005897,yfinance,2026-07-22T12:20:48.089065Z
ABCB,Vanguard Capital Management LLC,2896345,2026-03-31,,262611595,yfinance,2026-07-22T12:20:48.089065Z
ABCB,"Wellington Management Group, LLP",2890940,2026-03-31,,262121524,yfinance,2026-07-22T12:20:48.089065Z
ABCB,Independent Advisor Alliance,2647757,2026-03-31,,240072122,yfinance,2026-07-22T12:20:48.089065Z
ABCB,Invesco Ltd.,2595317,2026-03-31,,235317387,yfinance,2026-07-22T12:20:48.089065Z
ABCB,"Geode Capital Management, LLC",1617538,2026-03-31,,146662167,yfinance,2026-07-22T12:20:48.089065Z
ABEV,"First Eagle Investment Management, LLC",346984557,2026-03-31,,1079121935,yfinance,2026-07-22T12:20:48.089065Z
ABEV,GQG Partners LLC,187037538,2026-03-31,,581686723,yfinance,2026-07-22T12:20:48.089065Z
ABEV,Blackrock Inc.,34945847,2026-03-31,,108681580,yfinance,2026-07-22T12:20:48.089065Z
ABEV,"Seafarer Capital Partners, LLC",28069000,2026-03-31,,87294587,yfinance,2026-07-22T12:20:48.089065Z
ABEV,"Renaissance Technologies, LLC",27354300,2026-03-31,,85071870,yfinance,2026-07-22T12:20:48.089065Z
ABEV,Massachusetts Financial Services Co.,26469999,2026-03-31,,82321694,yfinance,2026-07-22T12:20:48.089065Z
ABEV,Brandes Investment Partners L.P.,23075673,2026-03-31,,71765340,yfinance,2026-07-22T12:20:48.089065Z
ABEV,LOOMIS SAYLES & CO L P,20490631,2026-03-31,,63725860,yfinance,2026-07-22T12:20:48.089065Z
ABEV,Nomura Asset Management International Inc,17948270,2026-03-31,,55819117,yfinance,2026-07-22T12:20:48.089065Z
ABEV,Bank of America Corporation,16305441,2026-03-31,,50709919,yfinance,2026-07-22T12:20:48.089065Z
ABG,Blackrock Inc.,2891799,2026-03-31,,624946683,yfinance,2026-07-22T12:20:48.089065Z
ABG,"Abrams Capital Management, L.P.",2155492,2026-03-31,,465823377,yfinance,2026-07-22T12:20:48.089065Z
ABG,Dimensional Fund Advisors LP,1156426,2026-03-31,,249915223,yfinance,2026-07-22T12:20:48.089065Z
ABG,Vanguard Portfolio Management LLC,1117431,2026-03-31,,241488014,yfinance,2026-07-22T12:20:48.089065Z
ABG,"Impactive Capital, LP",1072684,2026-03-31,,231817739,yfinance,2026-07-22T12:20:48.089065Z
ABG,Vanguard Capital Management LLC,862266,2026-03-31,,186344305,yfinance,2026-07-22T12:20:48.089065Z
ABG,State Street Corporation,778821,2026-03-31,,168311006,yfinance,2026-07-22T12:20:48.089065Z
ABG,Timucuan Asset Management Inc/fl,709630,2026-03-31,,153358139,yfinance,2026-07-22T12:20:48.089065Z
ABG,"Neuberger Berman Group, LLC",537195,2026-03-31,,116093211,yfinance,2026-07-22T12:20:48.089065Z
ABG,"Geode Capital Management, LLC",485723,2026-03-31,,104969597,yfinance,2026-07-22T12:20:48.089065Z
ABM,Blackrock Inc.,8881541,2026-03-31,,416988356,yfinance,2026-07-22T12:20:48.089065Z
ABM,Dimensional Fund Advisors LP,4076047,2026-03-31,,191370409,yfinance,2026-07-22T12:20:48.089065Z
ABM,Vanguard Portfolio Management LLC,4075966,2026-03-31,,191366606,yfinance,2026-07-22T12:20:48.089065Z
ABM,State Street Corporation,3034038,2026-03-31,,142448086,yfinance,2026-07-22T12:20:48.089065Z
ABM,Harris Associates L.P.,2882144,2026-03-31,,135316662,yfinance,2026-07-22T12:20:48.089065Z
ABM,Vanguard Capital Management LLC,2614419,2026-03-31,,122746974,yfinance,2026-07-22T12:20:48.089065Z
ABM,Invesco Ltd.,1718539,2026-03-31,,80685407,yfinance,2026-07-22T12:20:48.089065Z
ABM,Nordea Investment Management AB,1673486,2026-03-31,,78570168,yfinance,2026-07-22T12:20:48.089065Z
ABM,LSV Asset Management,1636256,2026-03-31,,76822220,yfinance,2026-07-22T12:20:48.089065Z
ABM,"Ameriprise Financial, Inc.",1598393,2026-03-31,,75044552,yfinance,2026-07-22T12:20:48.089065Z
ABNB,Blackrock Inc.,31943327,2026-03-31,,4603033615,yfinance,2026-07-22T12:20:48.089065Z
ABNB,Vanguard Capital Management LLC,26133940,2026-03-31,,3765900913,yfinance,2026-07-22T12:20:48.089065Z
ABNB,Harris Associates L.P.,19162235,2026-03-31,,2761278180,yfinance,2026-07-22T12:20:48.089065Z
ABNB,State Street Corporation,17733208,2026-03-31,,2555355381,yfinance,2026-07-22T12:20:48.089065Z
ABNB,Invesco Ltd.,14897692,2026-03-31,,2146757508,yfinance,2026-07-22T12:20:48.089065Z
ABNB,"Geode Capital Management, LLC",10401089,2026-03-31,,1498796988,yfinance,2026-07-22T12:20:48.089065Z
ABNB,Morgan Stanley,10426161,2026-03-31,,1502409863,yfinance,2026-07-22T12:20:48.089065Z
ABNB,"AQR Capital Management, LLC",7999751,2026-03-31,,1152764167,yfinance,2026-07-22T12:20:48.089065Z
ABNB,Vanguard Portfolio Management LLC,7786272,2026-03-31,,1122001842,yfinance,2026-07-22T12:20:48.089065Z
ABNB,"FMR, LLC",7752142,2026-03-31,,1117083709,yfinance,2026-07-22T12:20:48.089065Z
ABR,Blackrock Inc.,26840393,2026-03-31,,136886001,yfinance,2026-07-22T12:20:48.089065Z
ABR,Vanguard Portfolio Management LLC,9600291,2026-03-31,,48961483,yfinance,2026-07-22T12:20:48.089065Z
ABR,Vanguard Capital Management LLC,7568395,2026-03-31,,38598813,yfinance,2026-07-22T12:20:48.089065Z
ABR,State Street Corporation,7440380,2026-03-31,,37945937,yfinance,2026-07-22T12:20:48.089065Z
ABR,"Geode Capital Management, LLC",4716475,2026-03-31,,24054022,yfinance,2026-07-22T12:20:48.089065Z
ABR,Coatue Management LLC,4196885,2026-03-31,,21404113,yfinance,2026-07-22T12:20:48.089065Z
ABR,"Charles Schwab Investment Management, Inc.",3346334,2026-03-31,,17066303,yfinance,2026-07-22T12:20:48.089065Z
ABR,Goldman Sachs Group Inc,3243901,2026-03-31,,16543894,yfinance,2026-07-22T12:20:48.089065Z
ABR,Invesco Ltd.,2831594,2026-03-31,,14441129,yfinance,2026-07-22T12:20:48.089065Z
ABR,Mirae Asset Global ETFs Holdings Ltd.,2721436,2026-03-31,,13879323,yfinance,2026-07-22T12:20:48.089065Z
ABT,Blackrock Inc.,145687458,2026-03-31,,14520668672,yfinance,2026-07-22T12:20:48.089065Z
ABT,Vanguard Capital Management LLC,112949933,2026-03-31,,11257719615,yfinance,2026-07-22T12:20:48.089065Z
ABT,State Street Corporation,79575468,2026-03-31,,7931286749,yfinance,2026-07-22T12:20:48.089065Z
ABT,Capital Research Global Investors,49775362,2026-03-31,,4961110239,yfinance,2026-07-22T12:20:48.089065Z
ABT,Vanguard Portfolio Management LLC,47944891,2026-03-31,,4778667198,yfinance,2026-07-22T12:20:48.089065Z
ABT,"Charles Schwab Investment Management, Inc.",45500055,2026-03-31,,4534990398,yfinance,2026-07-22T12:20:48.089065Z
ABT,"Geode Capital Management, LLC",39148795,2026-03-31,,3901960325,yfinance,2026-07-22T12:20:48.089065Z
ABT,Capital International Investors,37498227,2026-03-31,,3737448216,yfinance,2026-07-22T12:20:48.089065Z
ABT,Morgan Stanley,30101596,2026-03-31,,3000226018,yfinance,2026-07-22T12:20:48.089065Z
ABT,"Wellington Management Group, LLP",27070518,2026-03-31,,2698118479,yfinance,2026-07-22T12:20:48.089065Z
ABVX,"TCG Crossover Management, LLC",6481085,2026-03-31,,869048663,yfinance,2026-07-22T12:20:48.089065Z
ABVX,UBS Group AG,4547406,2026-03-31,,609761653,yfinance,2026-07-22T12:20:48.089065Z
ABVX,"Darwin Global Management, Ltd.",3468657,2026-03-31,,465112204,yfinance,2026-07-22T12:20:48.089065Z
ABVX,Morgan Stanley,1704958,2026-03-31,,228617811,yfinance,2026-07-22T12:20:48.089065Z
ABVX,"Vestal Point Capital, LP",1500000,2026-03-31,,201134994,yfinance,2026-07-22T12:20:48.089065Z
ABVX,"Caligan Partners, LP",1461924,2026-03-31,,196029383,yfinance,2026-07-22T12:20:48.089065Z
ABVX,"Adar1 Capital Management, LLC                          ",1394019,2026-03-31,,186924002,yfinance,2026-07-22T12:20:48.089065Z
ABVX,Westfield Capital Management Co LP,1322938,2026-03-31,,177392751,yfinance,2026-07-22T12:20:48.089065Z
ABVX,"FMR, LLC",1286373,2026-03-31,,172489750,yfinance,2026-07-22T12:20:48.089065Z
ABVX,Helikon Investments Ltd,1013324,2026-03-31,,135876611,yfinance,2026-07-22T12:20:48.089065Z
ABX,Blackrock Inc.,2729078,2026-03-31,,28327829,yfinance,2026-07-22T12:20:48.089065Z
ABX,Royce & Associates LP,2116867,2026-03-31,,21973079,yfinance,2026-07-22T12:20:48.089065Z
ABX,Mendon Capital Advisors Corp,1949321,2026-03-31,,20233952,yfinance,2026-07-22T12:20:48.089065Z
ABX,Vanguard Capital Management LLC,1831610,2026-03-31,,19012112,yfinance,2026-07-22T12:20:48.089065Z
ABX,Curi Capital LLC,1800000,2026-03-31,,18684000,yfinance,2026-07-22T12:20:48.089065Z
ABX,"Allspring Global Investments Holdings, LLC",1330138,2026-03-31,,13806832,yfinance,2026-07-22T12:20:48.089065Z
ABX,Alta Fundamental Advisers LLC,1097639,2026-03-31,,11393492,yfinance,2026-07-22T12:20:48.089065Z
ABX,Morgan Stanley,1054648,2026-03-31,,10947246,yfinance,2026-07-22T12:20:48.089065Z
ABX,State Of Wisconsin Investment Board,966042,2026-03-31,,10027516,yfinance,2026-07-22T12:20:48.089065Z
ABX,"CSM Advisors, LLC",907465,2026-03-31,,9419486,yfinance,2026-07-22T12:20:48.089065Z
ACA,Blackrock Inc.,7619560,2026-03-31,,1102169307,yfinance,2026-07-22T12:20:48.089065Z
ACA,Vanguard Portfolio Management LLC,2857823,2026-03-31,,413384079,yfinance,2026-07-22T12:20:48.089065Z
ACA,"Neuberger Berman Group, LLC",2673845,2026-03-31,,386771662,yfinance,2026-07-22T12:20:48.089065Z
ACA,Dimensional Fund Advisors LP,2316687,2026-03-31,,335108760,yfinance,2026-07-22T12:20:48.089065Z
ACA,Vanguard Capital Management LLC,2198324,2026-03-31,,317987553,yfinance,2026-07-22T12:20:48.089065Z
ACA,"T. Rowe Price Investment Management, Inc.",2078844,2026-03-31,,300704771,yfinance,2026-07-22T12:20:48.089065Z
ACA,State Street Corporation,1980645,2026-03-31,,286500287,yfinance,2026-07-22T12:20:48.089065Z
ACA,Capital World Investors,1970776,2026-03-31,,285072736,yfinance,2026-07-22T12:20:48.089065Z
ACA,Capital International Investors,1952826,2026-03-31,,282476268,yfinance,2026-07-22T12:20:48.089065Z
ACA,Royce & Associates LP,1252310,2026-03-31,,181146633,yfinance,2026-07-22T12:20:48.089065Z
ACDC,First Financial Bankshares Inc                          ,3889478,2026-03-31,,18941757,yfinance,2026-07-22T12:20:48.089065Z
ACDC,Blackrock Inc.,1859463,2026-03-31,,9055584,yfinance,2026-07-22T12:20:48.089065Z
ACDC,"AQR Capital Management, LLC",1529239,2026-03-31,,7447393,yfinance,2026-07-22T12:20:48.089065Z
ACDC,"Crestview Partners III GP, LP",1439218,2026-03-31,,7008991,yfinance,2026-07-22T12:20:48.089065Z
ACDC,"Hotchkis & Wiley Capital Management, LLC",1252080,2026-03-31,,6097629,yfinance,2026-07-22T12:20:48.089065Z
ACDC,"Shaw D.E. & Co., Inc.",1162917,2026-03-31,,5663405,yfinance,2026-07-22T12:20:48.089065Z
ACDC,"SIR Capital Management, L.P.",1104261,2026-03-31,,5377750,yfinance,2026-07-22T12:20:48.089065Z
ACDC,Wells Fargo & Company,1067776,2026-03-31,,5200068,yfinance,2026-07-22T12:20:48.089065Z
ACDC,"Bridgeway Capital Management, LLC",1060488,2026-03-31,,5164576,yfinance,2026-07-22T12:20:48.089065Z
ACDC,BNP Paribas Financial Markets,1003809,2026-03-31,,4888549,yfinance,2026-07-22T12:20:48.089065Z
ACEL,"DARLINGTON PARTNERS CAPITAL MANAGEMENT, LP",8098349,2026-03-31,,98313959,yfinance,2026-07-22T12:20:48.089065Z
ACEL,"Greenvale Capital, LLP",5859552,2026-03-31,,71134963,yfinance,2026-07-22T12:20:48.089065Z
ACEL,Blackrock Inc.,4142904,2026-03-31,,50294855,yfinance,2026-07-22T12:20:48.089065Z
ACEL,"Hill Path Capital, LP",2789113,2026-03-31,,33859832,yfinance,2026-07-22T12:20:48.089065Z
ACEL,Vanguard Capital Management LLC,2597915,2026-03-31,,31538688,yfinance,2026-07-22T12:20:48.089065Z
ACEL,American Century Companies Inc,1328226,2026-03-31,,16124664,yfinance,2026-07-22T12:20:48.089065Z
ACEL,"Geode Capital Management, LLC",1289159,2026-03-31,,15650390,yfinance,2026-07-22T12:20:48.089065Z
ACEL,State Street Corporation,1230566,2026-03-31,,14939071,yfinance,2026-07-22T12:20:48.089065Z
ACEL,"Arrowstreet Capital, Limited Partnership",1082891,2026-03-31,,13146297,yfinance,2026-07-22T12:20:48.089065Z
ACEL,LPL Financial LLC,946769,2026-03-31,,11493775,yfinance,2026-07-22T12:20:48.089065Z
ACGL,Blackrock Inc.,31354204,2026-03-31,,3152665307,yfinance,2026-07-22T12:20:48.089065Z
ACGL,Artisan Partners Limited Partnership,22666011,2026-03-31,,2279067475,yfinance,2026-07-22T12:20:48.089065Z
ACGL,Vanguard Capital Management LLC,22612609,2026-03-31,,2273697903,yfinance,2026-07-22T12:20:48.089065Z
ACGL,BAMCO Inc.,16709759,2026-03-31,,1680166318,yfinance,2026-07-22T12:20:48.089065Z
ACGL,State Street Corporation,16250722,2026-03-31,,1634010146,yfinance,2026-07-22T12:20:48.089065Z
ACGL,Vanguard Portfolio Management LLC,14712819,2026-03-31,,1479373995,yfinance,2026-07-22T12:20:48.089065Z
ACGL,"WCM Investment Management, LLC",12602412,2026-03-31,,1267172565,yfinance,2026-07-22T12:20:48.089065Z
ACGL,"Geode Capital Management, LLC",10586271,2026-03-31,,1064449581,yfinance,2026-07-22T12:20:48.089065Z
ACGL,JPMORGAN CHASE & CO,6781647,2026-03-31,,681894626,yfinance,2026-07-22T12:20:48.089065Z
ACGL,Northern Trust Corporation,4472652,2026-03-31,,449725172,yfinance,2026-07-22T12:20:48.089065Z
ACHR,Blackrock Inc.,58898973,2026-03-31,,310986589,yfinance,2026-07-22T12:20:48.089065Z
ACHR,State Street Corporation,43644580,2026-03-31,,230443391,yfinance,2026-07-22T12:20:48.089065Z
ACHR,"ARK Investment Management, LLC",37437062,2026-03-31,,197667695,yfinance,2026-07-22T12:20:48.089065Z
ACHR,Vanguard Capital Management LLC,24545543,2026-03-31,,129600472,yfinance,2026-07-22T12:20:48.089065Z
ACHR,Vanguard Portfolio Management LLC,23073534,2026-03-31,,121828264,yfinance,2026-07-22T12:20:48.089065Z
ACHR,"Geode Capital Management, LLC",14642283,2026-03-31,,77311257,yfinance,2026-07-22T12:20:48.089065Z
ACHR,Morgan Stanley,10475202,2026-03-31,,55309068,yfinance,2026-07-22T12:20:48.089065Z
ACHR,"Sumitomo Mitsui Trust Group, Inc.",7651742,2026-03-31,,40401199,yfinance,2026-07-22T12:20:48.089065Z
ACHR,Amova Asset Management Americas Inc,7651742,2026-03-31,,40401199,yfinance,2026-07-22T12:20:48.089065Z
ACHR,Goldman Sachs Group Inc,5756736,2026-03-31,,30395567,yfinance,2026-07-22T12:20:48.089065Z
ACI,"Cerberus Capital Management, L.P.",151818680,2026-03-31,,2234771010,yfinance,2026-07-22T12:20:48.089065Z
ACI,Blackrock Inc.,41739684,2026-03-31,,614408159,yfinance,2026-07-22T12:20:48.089065Z
ACI,Vanguard Portfolio Management LLC,18181489,2026-03-31,,267631522,yfinance,2026-07-22T12:20:48.089065Z
ACI,"FMR, LLC",16656538,2026-03-31,,245184243,yfinance,2026-07-22T12:20:48.089065Z
ACI,Vanguard Capital Management LLC,16218110,2026-03-31,,238730583,yfinance,2026-07-22T12:20:48.089065Z
ACI,Dimensional Fund Advisors LP,15013525,2026-03-31,,220999092,yfinance,2026-07-22T12:20:48.089065Z
ACI,JPMORGAN CHASE & CO,13138813,2026-03-31,,193403330,yfinance,2026-07-22T12:20:48.089065Z
ACI,State Street Corporation,12354305,2026-03-31,,181855372,yfinance,2026-07-22T12:20:48.089065Z
ACI,Citadel Advisors Llc,12053346,2026-03-31,,177425256,yfinance,2026-07-22T12:20:48.089065Z
ACI,Massachusetts Financial Services Co.,11757178,2026-03-31,,173065663,yfinance,2026-07-22T12:20:48.089065Z
ACIC,Blackrock Inc.,1828264,2026-03-31,,18630009,yfinance,2026-07-22T12:20:48.089065Z
ACIC,"Tieton Capital Management, LLC",1273455,2026-03-31,,12976505,yfinance,2026-07-22T12:20:48.089065Z
ACIC,"Empyrean Capital Partners, LP",1126987,2026-03-31,,11483997,yfinance,2026-07-22T12:20:48.089065Z
ACIC,Vanguard Capital Management LLC,996641,2026-03-31,,10155771,yfinance,2026-07-22T12:20:48.089065Z
ACIC,"Punch & Associates Investment Management, Inc.",808705,2026-03-31,,8240703,yfinance,2026-07-22T12:20:48.089065Z
ACIC,Dimensional Fund Advisors LP,750108,2026-03-31,,7643600,yfinance,2026-07-22T12:20:48.089065Z
ACIC,American Century Companies Inc,719437,2026-03-31,,7331062,yfinance,2026-07-22T12:20:48.089065Z
ACIC,"Geode Capital Management, LLC",615861,2026-03-31,,6275623,yfinance,2026-07-22T12:20:48.089065Z
ACIC,SEI Investments Co,601481,2026-03-31,,6129091,yfinance,2026-07-22T12:20:48.089065Z
ACIC,"Two Sigma Investments, LP",564754,2026-03-31,,5754843,yfinance,2026-07-22T12:20:48.089065Z
ACIW,Blackrock Inc.,17018137,2026-03-31,,964758163,yfinance,2026-07-22T12:20:48.089065Z
ACIW,Vanguard Portfolio Management LLC,8056347,2026-03-31,,456714300,yfinance,2026-07-22T12:20:48.089065Z
ACIW,"Franklin Resources, Inc.",6616371,2026-03-31,,375082062,yfinance,2026-07-22T12:20:48.089065Z
ACIW,Vanguard Capital Management LLC,4540512,2026-03-31,,257401619,yfinance,2026-07-22T12:20:48.089065Z
ACIW,State Street Corporation,4150909,2026-03-31,,235315025,yfinance,2026-07-22T12:20:48.089065Z
ACIW,"Geode Capital Management, LLC",3174725,2026-03-31,,179975155,yfinance,2026-07-22T12:20:48.089065Z
ACIW,Dimensional Fund Advisors LP,2813150,2026-03-31,,159477469,yfinance,2026-07-22T12:20:48.089065Z
ACIW,"Reinhart Partners, LLC",2424247,2026-06-30,,137430559,yfinance,2026-07-22T12:20:48.089065Z
ACIW,Hood River Capital Management LLC,2391319,2026-03-31,,135563870,yfinance,2026-07-22T12:20:48.089065Z
ACIW,North Reef Capital Management LP,2230000,2026-03-31,,126418696,yfinance,2026-07-22T12:20:48.089065Z
ACLS,Blackrock Inc.,4936774,2026-03-31,,706995437,yfinance,2026-07-22T12:20:48.089065Z
ACLS,Vanguard Portfolio Management LLC,2488293,2026-03-31,,356348457,yfinance,2026-07-22T12:20:48.089065Z
ACLS,"FMR, LLC",2431121,2026-03-31,,348160854,yfinance,2026-07-22T12:20:48.089065Z
ACLS,Vanguard Capital Management LLC,1382770,2026-03-31,,198026500,yfinance,2026-07-22T12:20:48.089065Z
ACLS,Balyasny Asset Management LP,1364540,2026-03-31,,195415782,yfinance,2026-07-22T12:20:48.089065Z
ACLS,Victory Capital Management Inc.,1279005,2026-03-31,,183166314,yfinance,2026-07-22T12:20:48.089065Z
ACLS,State Street Corporation,1189045,2026-03-31,,170283142,yfinance,2026-07-22T12:20:48.089065Z
ACLS,BNP Paribas Asset Management Holding S.A.,1006028,2026-03-31,,144073276,yfinance,2026-07-22T12:20:48.089065Z
ACLS,American Century Companies Inc,951914,2026-03-31,,136323610,yfinance,2026-07-22T12:20:48.089065Z
ACLS,"Reinhart Partners, LLC",928660,2026-06-30,,132993404,yfinance,2026-07-22T12:20:48.089065Z
ACM,Blackrock Inc.,15760364,2026-03-31,,1086519532,yfinance,2026-07-22T12:20:48.089065Z
ACM,Primecap Management Company,8647073,2026-03-31,,596129233,yfinance,2026-07-22T12:20:48.089065Z
ACM,Vanguard Capital Management LLC,5800366,2026-03-31,,399877246,yfinance,2026-07-22T12:20:48.089065Z
ACM,Vanguard Portfolio Management LLC,5506279,2026-03-31,,379602887,yfinance,2026-07-22T12:20:48.089065Z
ACM,State Street Corporation,5041460,2026-03-31,,347558264,yfinance,2026-07-22T12:20:48.089065Z
ACM,Invesco Ltd.,3575351,2026-03-31,,246484706,yfinance,2026-07-22T12:20:48.089065Z
ACM,"UBS AM, a distinct business unit of UBS ASSET MANAGEMENT AMERICAS LLC",3481963,2026-03-31,,240046537,yfinance,2026-07-22T12:20:48.089065Z
ACM,First Trust Advisors LP,3026446,2026-03-31,,208643194,yfinance,2026-07-22T12:20:48.089065Z
ACM,"Barrow, Hanley Mewhinney & Strauss, LLC",2852722,2026-03-31,,196666661,yfinance,2026-07-22T12:20:48.089065Z
ACM,"Geode Capital Management, LLC",2469449,2026-03-31,,170243820,yfinance,2026-07-22T12:20:48.089065Z
ACMR,Blackrock Inc.,7984847,2026-03-31,,760716346,yfinance,2026-07-22T12:20:48.089065Z
ACMR,Vanguard Capital Management LLC,2264337,2026-03-31,,215723378,yfinance,2026-07-22T12:20:48.089065Z
ACMR,Vanguard Portfolio Management LLC,2203831,2026-03-31,,209958971,yfinance,2026-07-22T12:20:48.089065Z
ACMR,State Street Corporation,2006116,2026-03-31,,191122664,yfinance,2026-07-22T12:20:48.089065Z
ACMR,"WCM Investment Management, LLC",1860874,2026-03-31,,177285459,yfinance,2026-07-22T12:20:48.089065Z
ACMR,"Geode Capital Management, LLC",1371227,2026-03-31,,130636791,yfinance,2026-07-22T12:20:48.089065Z
ACMR,Morgan Stanley,1192705,2026-03-31,,113629001,yfinance,2026-07-22T12:20:48.089065Z
ACMR,Janus Henderson Group PLC,1085634,2026-03-31,,103428347,yfinance,2026-07-22T12:20:48.089065Z
ACMR,"Value Aligned Research Advisors, LLC                          ",955927,2026-03-31,,91071162,yfinance,2026-07-22T12:20:48.089065Z
ACMR,Invesco Ltd.,787101,2026-03-31,,74987109,yfinance,2026-07-22T12:20:48.089065Z
ACN,Blackrock Inc.,57140737,2026-03-31,,8048844248,yfinance,2026-07-22T12:20:48.089065Z
ACN,Vanguard Capital Management LLC,39983869,2026-03-31,,5632127811,yfinance,2026-07-22T12:20:48.089065Z
ACN,State Street Corporation,28810831,2026-03-31,,4058293672,yfinance,2026-07-22T12:20:48.089065Z
ACN,Vanguard Portfolio Management LLC,19559410,2026-03-31,,2755138504,yfinance,2026-07-22T12:20:48.089065Z
ACN,"Charles Schwab Investment Management, Inc.",19500578,2026-03-31,,2746851428,yfinance,2026-07-22T12:20:48.089065Z
ACN,"Geode Capital Management, LLC",15550627,2026-03-31,,2190461328,yfinance,2026-07-22T12:20:48.089065Z
ACN,Morgan Stanley,11421529,2026-03-31,,1608836581,yfinance,2026-07-22T12:20:48.089065Z
ACN,"Sanders Capital, LLC",11197806,2026-03-31,,1577322959,yfinance,2026-07-22T12:20:48.089065Z
ACN,JPMORGAN CHASE & CO,10549504,2026-03-31,,1486003139,yfinance,2026-07-22T12:20:48.089065Z
ACN,Massachusetts Financial Services Co.,9828861,2026-03-31,,1384493366,yfinance,2026-07-22T12:20:48.089065Z
ACNB,Blackrock Inc.,622577,2026-03-31,,38101712,yfinance,2026-07-22T12:20:48.089065Z
ACNB,Vanguard Capital Management LLC,427657,2026-03-31,,26172608,yfinance,2026-07-22T12:20:48.089065Z
ACNB,"FMR, LLC",363662,2026-03-31,,22256114,yfinance,2026-07-22T12:20:48.089065Z
ACNB,"Private Capital Management, LLC",359742,2026-03-31,,22016210,yfinance,2026-07-22T12:20:48.089065Z
ACNB,Dimensional Fund Advisors LP,334844,2026-03-31,,20492453,yfinance,2026-07-22T12:20:48.089065Z
ACNB,"Geode Capital Management, LLC",246376,2026-03-31,,15078211,yfinance,2026-07-22T12:20:48.089065Z
ACNB,State Street Corporation,195578,2026-03-31,,11969373,yfinance,2026-07-22T12:20:48.089065Z
ACNB,American Century Companies Inc,183620,2026-03-31,,11237544,yfinance,2026-07-22T12:20:48.089065Z
ACNB,Manufacturers Life Insurance Co.,162978,2026-03-31,,9974253,yfinance,2026-07-22T12:20:48.089065Z
ACNB,"Bridgeway Capital Management, LLC",106157,2026-03-31,,6496808,yfinance,2026-07-22T12:20:48.089065Z
ACP,Morgan Stanley,12582704,2026-03-31,,66814157,yfinance,2026-07-22T12:20:48.089065Z
ACP,Penserra Capital Management LLC,3420462,2026-03-31,,18162653,yfinance,2026-07-22T12:20:48.089065Z
ACP,"Guggenheim Capital, LLC",3266252,2026-03-31,,17343797,yfinance,2026-07-22T12:20:48.089065Z
ACP,SIT Investment Associates Inc,3154332,2026-03-31,,16749502,yfinance,2026-07-22T12:20:48.089065Z
ACP,"International Assets Investment Management, LLC",958833,2026-03-31,,5091403,yfinance,2026-07-22T12:20:48.089065Z
ACP,Cohen & Steers Inc.,705500,2026-03-31,,3746204,yfinance,2026-07-22T12:20:48.089065Z
ACP,"Raymond James Financial, Inc.",610979,2026-03-31,,3244298,yfinance,2026-07-22T12:20:48.089065Z
ACP,LPL Financial LLC,589777,2026-03-31,,3131715,yfinance,2026-07-22T12:20:48.089065Z
ACP,Kennedy Investment Group                          ,529153,2026-03-31,,2809802,yfinance,2026-07-22T12:20:48.089065Z
ACP,UBS Group AG,485971,2026-03-31,,2580505,yfinance,2026-07-22T12:20:48.089065Z
ACT,Blackrock Inc.,4664889,2026-03-31,,212299090,yfinance,2026-07-22T12:20:48.089065Z
ACT,Dimensional Fund Advisors LP,3002894,2026-03-31,,136661700,yfinance,2026-07-22T12:20:48.089065Z
ACT,Vanguard Portfolio Management LLC,1740973,2026-03-31,,79231678,yfinance,2026-07-22T12:20:48.089065Z
ACT,First Trust Advisors LP,1395032,2026-03-31,,63487903,yfinance,2026-07-22T12:20:48.089065Z
ACT,"Glendon Capital Management, LP",1298718,2026-03-31,,59104654,yfinance,2026-07-22T12:20:48.089065Z
ACT,Vanguard Capital Management LLC,1295642,2026-03-31,,58964665,yfinance,2026-07-22T12:20:48.089065Z
ACT,State Street Corporation,1206061,2026-03-31,,54887834,yfinance,2026-07-22T12:20:48.089065Z
ACT,LSV Asset Management,1025564,2026-03-31,,46673415,yfinance,2026-07-22T12:20:48.089065Z
ACT,"Arrowstreet Capital, Limited Partnership",992987,2026-03-31,,45190836,yfinance,2026-07-22T12:20:48.089065Z
ACT,American Century Companies Inc,876604,2026-03-31,,39894246,yfinance,2026-07-22T12:20:48.089065Z
ACVA,Blackrock Inc.,13134411,2026-03-31,,104155876,yfinance,2026-07-22T12:20:48.089065Z
ACVA,"Atreides Management, LP",9734467,2026-03-31,,77194321,yfinance,2026-07-22T12:20:48.089065Z
ACVA,Vanguard Capital Management LLC,7236480,2026-03-31,,57385285,yfinance,2026-07-22T12:20:48.089065Z
ACVA,"William Blair Investment Management, LLC",7212623,2026-03-31,,57196099,yfinance,2026-07-22T12:20:48.089065Z
ACVA,Vanguard Portfolio Management LLC,7173655,2026-03-31,,56887082,yfinance,2026-07-22T12:20:48.089065Z
ACVA,"Shaw D.E. & Co., Inc.",5659176,2026-03-31,,44877264,yfinance,2026-07-22T12:20:48.089065Z
ACVA,Iridian Asset Management LLC,5200509,2026-03-31,,41240035,yfinance,2026-07-22T12:20:48.089065Z
ACVA,UBS Group AG,4459178,2026-03-31,,35361280,yfinance,2026-07-22T12:20:48.089065Z
ACVA,"Point72 Asset Management, L.P.",4177143,2026-03-31,,33124743,yfinance,2026-07-22T12:20:48.089065Z
ACVA,"Geode Capital Management, LLC",4054452,2026-03-31,,32151803,yfinance,2026-07-22T12:20:48.089065Z
AD,Bank of America Corporation,2533017,2026-03-31,,86046590,yfinance,2026-07-22T12:20:48.089065Z
AD,Dimensional Fund Advisors LP,2299582,2026-03-31,,78116803,yfinance,2026-07-22T12:20:48.089065Z
AD,BNP Paribas Asset Management Holding S.A.,2063912,2026-03-31,,70111093,yfinance,2026-07-22T12:20:48.089065Z
AD,"Jericho Capital Asset Management, LP",1815844,2026-03-31,,61684222,yfinance,2026-07-22T12:20:48.089065Z
AD,"Newtyn Management, Llc",1616856,2026-03-31,,54924600,yfinance,2026-07-22T12:20:48.089065Z
AD,"Gamco Investors, Inc ET AL",844562,2026-03-31,,28689772,yfinance,2026-07-22T12:20:48.089065Z
AD,LOOMIS SAYLES & CO L P,740481,2026-03-31,,25154140,yfinance,2026-07-22T12:20:48.089065Z
AD,Oaktree Capital Management LP,724444,2026-03-31,,24609363,yfinance,2026-07-22T12:20:48.089065Z
AD,Vanguard Capital Management LLC,682112,2026-03-31,,23171345,yfinance,2026-07-22T12:20:48.089065Z
AD,Vanguard Portfolio Management LLC,667283,2026-03-31,,22667604,yfinance,2026-07-22T12:20:48.089065Z
ADAM,Blackrock Inc.,13272581,2026-03-31,,117462346,yfinance,2026-07-22T12:20:48.089065Z
ADAM,Vanguard Capital Management LLC,3787445,2026-03-31,,33518889,yfinance,2026-07-22T12:20:48.089065Z
ADAM,State Street Corporation,3345336,2026-03-31,,29606224,yfinance,2026-07-22T12:20:48.089065Z
ADAM,Invesco Ltd.,3170045,2026-03-31,,28054899,yfinance,2026-07-22T12:20:48.089065Z
ADAM,"Allspring Global Investments Holdings, LLC",2867614,2026-03-31,,25378384,yfinance,2026-07-22T12:20:48.089065Z
ADAM,Mirae Asset Global ETFs Holdings Ltd.,2563900,2026-03-31,,22690515,yfinance,2026-07-22T12:20:48.089065Z
ADAM,"Geode Capital Management, LLC",2239700,2026-03-31,,19821345,yfinance,2026-07-22T12:20:48.089065Z
ADAM,Vanguard Portfolio Management LLC,1649244,2026-03-31,,14595810,yfinance,2026-07-22T12:20:48.089065Z
ADAM,"Charles Schwab Investment Management, Inc.",1633004,2026-03-31,,14452086,yfinance,2026-07-22T12:20:48.089065Z
ADAM,Northern Trust Corporation,992133,2026-03-31,,8780377,yfinance,2026-07-22T12:20:48.089065Z
ADBE,Blackrock Inc.,40809940,2026-03-31,,9270386119,yfinance,2026-07-22T12:20:48.089065Z
ADBE,Vanguard Capital Management LLC,26679971,2026-03-31,,6060622310,yfinance,2026-07-22T12:20:48.089065Z
ADBE,State Street Corporation,19913187,2026-03-31,,4523479631,yfinance,2026-07-22T12:20:48.089065Z
ADBE,Invesco Ltd.,14126834,2026-03-31,,3209051663,yfinance,2026-07-22T12:20:48.089065Z
ADBE,"Geode Capital Management, LLC",11726888,2026-03-31,,2663879921,yfinance,2026-07-22T12:20:48.089065Z
ADBE,Vanguard Portfolio Management LLC,9972632,2026-03-31,,2265383121,yfinance,2026-07-22T12:20:48.089065Z
ADBE,"Arrowstreet Capital, Limited Partnership",6792275,2026-03-31,,1542933213,yfinance,2026-07-22T12:20:48.089065Z
ADBE,Morgan Stanley,5676933,2026-03-31,,1289572121,yfinance,2026-07-22T12:20:48.089065Z
ADBE,Bank Of New York Mellon Corporation,5206791,2026-03-31,,1182774662,yfinance,2026-07-22T12:20:48.089065Z
ADBE,"UBS AM, a distinct business unit of UBS ASSET MANAGEMENT AMERICAS LLC",5026552,2026-03-31,,1141831570,yfinance,2026-07-22T12:20:48.089065Z
ADC,Blackrock Inc.,17890008,2026-03-31,,1435852080,yfinance,2026-07-22T12:20:48.089065Z
ADC,Cohen & Steers Inc.,17864344,2026-03-31,,1433792287,yfinance,2026-07-22T12:20:48.089065Z
ADC,Vanguard Portfolio Management LLC,10260006,2026-03-31,,823468103,yfinance,2026-07-22T12:20:48.089065Z
ADC,State Street Corporation,5966403,2026-03-31,,478863517,yfinance,2026-07-22T12:20:48.089065Z
ADC,Vanguard Capital Management LLC,5346433,2026-03-31,,429104724,yfinance,2026-07-22T12:20:48.089065Z
ADC,"Principal Financial Group, Inc.",4526088,2026-03-31,,363263832,yfinance,2026-07-22T12:20:48.089065Z
ADC,"Two Sigma Investments, LP",4041693,2026-03-31,,324386288,yfinance,2026-07-22T12:20:48.089065Z
ADC,CenterSquare Investment Management LLC,3429575,2026-03-31,,275257696,yfinance,2026-07-22T12:20:48.089065Z
ADC,"Zimmer Partners, Lp",3296414,2026-03-31,,264570194,yfinance,2026-07-22T12:20:48.089065Z
ADC,Daiwa Securities Group Inc.,2961683,2026-03-31,,237704683,yfinance,2026-07-22T12:20:48.089065Z
ADEA,Blackrock Inc.,16812524,2026-03-31,,469405671,yfinance,2026-07-22T12:20:48.089065Z
ADEA,"Ameriprise Financial, Inc.",14562991,2026-03-31,,406598709,yfinance,2026-07-22T12:20:48.089065Z
ADEA,Vanguard Portfolio Management LLC,8456814,2026-03-31,,236114247,yfinance,2026-07-22T12:20:48.089065Z
ADEA,Vanguard Capital Management LLC,4705331,2026-03-31,,131372841,yfinance,2026-07-22T12:20:48.089065Z
ADEA,State Street Corporation,4576587,2026-03-31,,127778309,yfinance,2026-07-22T12:20:48.089065Z
ADEA,Rubric Capital Management LP,4284205,2026-03-31,,119615003,yfinance,2026-07-22T12:20:48.089065Z
ADEA,"FMR, LLC",3409229,2026-03-31,,95185673,yfinance,2026-07-22T12:20:48.089065Z
ADEA,"Neuberger Berman Group, LLC",3234154,2026-03-31,,90297579,yfinance,2026-07-22T12:20:48.089065Z
ADEA,"Geode Capital Management, LLC",2848119,2026-03-31,,79519482,yfinance,2026-07-22T12:20:48.089065Z
ADEA,Dimensional Fund Advisors LP,2773864,2026-03-31,,77446283,yfinance,2026-07-22T12:20:48.089065Z
ADI,Blackrock Inc.,43112917,2026-03-31,,16504055651,yfinance,2026-07-22T12:20:48.089065Z
ADI,Vanguard Capital Management LLC,31739071,2026-03-31,,12150033692,yfinance,2026-07-22T12:20:48.089065Z
ADI,State Street Corporation,23058669,2026-03-31,,8827089023,yfinance,2026-07-22T12:20:48.089065Z
ADI,JPMORGAN CHASE & CO,20732781,2026-03-31,,7936715843,yfinance,2026-07-22T12:20:48.089065Z
ADI,Invesco Ltd.,16812717,2026-03-31,,6436076153,yfinance,2026-07-22T12:20:48.089065Z
ADI,Vanguard Portfolio Management LLC,14342250,2026-03-31,,5490356687,yfinance,2026-07-22T12:20:48.089065Z
ADI,"Geode Capital Management, LLC",12170756,2026-03-31,,4659087074,yfinance,2026-07-22T12:20:48.089065Z
ADI,Bank of America Corporation,10216699,2026-03-31,,3911054519,yfinance,2026-07-22T12:20:48.089065Z
ADI,Wells Fargo & Company,8372264,2026-03-31,,3204986361,yfinance,2026-07-22T12:20:48.089065Z
ADI,Morgan Stanley,8259494,2026-03-31,,3161816877,yfinance,2026-07-22T12:20:48.089065Z
ADM,State Farm Mutual Automobile Insurance Co,46796552,2026-03-31,,4033862639,yfinance,2026-07-22T12:20:48.089065Z
ADM,Blackrock Inc.,42858782,2026-03-31,,3694426877,yfinance,2026-07-22T12:20:48.089065Z
ADM,State Street Corporation,33665739,2026-03-31,,2901986599,yfinance,2026-07-22T12:20:48.089065Z
ADM,Vanguard Capital Management LLC,31239389,2026-03-31,,2692835236,yfinance,2026-07-22T12:20:48.089065Z
ADM,Vanguard Portfolio Management LLC,26043739,2026-03-31,,2244970222,yfinance,2026-07-22T12:20:48.089065Z
ADM,"Wellington Management Group, LLP",17287760,2026-03-31,,1490204859,yfinance,2026-07-22T12:20:48.089065Z
ADM,Dodge & Cox Inc.,15757140,2026-03-31,,1358265419,yfinance,2026-07-22T12:20:48.089065Z
ADM,"Charles Schwab Investment Management, Inc.",15310233,2026-03-31,,1319742037,yfinance,2026-07-22T12:20:48.089065Z
ADM,"Geode Capital Management, LLC",13037637,2026-03-31,,1123844269,yfinance,2026-07-22T12:20:48.089065Z
ADM,Northern Trust Corporation,12092045,2026-03-31,,1042334242,yfinance,2026-07-22T12:20:48.089065Z
ADNT,Blackrock Inc.,13229125,2026-03-31,,263524171,yfinance,2026-07-22T12:20:48.089065Z
ADNT,Dimensional Fund Advisors LP,4384904,2026-03-31,,87347288,yfinance,2026-07-22T12:20:48.089065Z
ADNT,Pzena Investment Management LLC,3635297,2026-03-31,,72415116,yfinance,2026-07-22T12:20:48.089065Z
ADNT,"Shaw D.E. & Co., Inc.",3283218,2026-03-31,,65401702,yfinance,2026-07-22T12:20:48.089065Z
ADNT,State Street Corporation,3139267,2026-03-31,,62534198,yfinance,2026-07-22T12:20:48.089065Z
ADNT,Vanguard Portfolio Management LLC,3033094,2026-03-31,,60419232,yfinance,2026-07-22T12:20:48.089065Z
ADNT,"Hotchkis & Wiley Capital Management, LLC",2312700,2026-03-31,,46068984,yfinance,2026-07-22T12:20:48.089065Z
ADNT,Woodline Partners LP,2312005,2026-03-31,,46055139,yfinance,2026-07-22T12:20:48.089065Z
ADNT,"Arrowstreet Capital, Limited Partnership",2293353,2026-03-31,,45683591,yfinance,2026-07-22T12:20:48.089065Z
ADNT,Goldman Sachs Group Inc,2213710,2026-03-31,,44097103,yfinance,2026-07-22T12:20:48.089065Z
ADP,Blackrock Inc.,35499016,2026-03-31,,8740567762,yfinance,2026-07-22T12:20:48.089065Z
ADP,Vanguard Capital Management LLC,26150698,2026-03-31,,6438824893,yfinance,2026-07-22T12:20:48.089065Z
ADP,State Street Corporation,19326803,2026-03-31,,4758645458,yfinance,2026-07-22T12:20:48.089065Z
ADP,Invesco Ltd.,12660372,2026-03-31,,3117236809,yfinance,2026-07-22T12:20:48.089065Z
ADP,"Geode Capital Management, LLC",11993206,2026-03-31,,2952967195,yfinance,2026-07-22T12:20:48.089065Z
ADP,"Charles Schwab Investment Management, Inc.",11561745,2026-03-31,,2846732868,yfinance,2026-07-22T12:20:48.089065Z
ADP,Vanguard Portfolio Management LLC,11052077,2026-03-31,,2721242412,yfinance,2026-07-22T12:20:48.089065Z
ADP,"Wellington Management Group, LLP",10104386,2026-03-31,,2487901933,yfinance,2026-07-22T12:20:48.089065Z
ADP,Capital Research Global Investors,8556120,2026-03-31,,2106687876,yfinance,2026-07-22T12:20:48.089065Z
ADP,Wells Fargo & Company,6907706,2026-03-31,,1700815379,yfinance,2026-07-22T12:20:48.089065Z
ADSE,MIRABELLA FINANCIAL SERVICES LLP,22169949,2026-03-31,,268034686,yfinance,2026-07-22T12:20:48.089065Z
ADSE,Robert Bosch Gmbh,10462451,2026-03-31,,126491034,yfinance,2026-07-22T12:20:48.089065Z
ADSE,DnB Asset Management AS,145752,2026-03-31,,1762141,yfinance,2026-07-22T12:20:48.089065Z
ADSE,Prelude Capital Management LLC,56814,2026-03-31,,686881,yfinance,2026-07-22T12:20:48.089065Z
ADSE,"Raymond James Financial, Inc.",35125,2026-03-31,,424661,yfinance,2026-07-22T12:20:48.089065Z
ADSE,"Geode Capital Management, LLC",35718,2026-03-31,,431830,yfinance,2026-07-22T12:20:48.089065Z
ADSE,UBS Group AG,19422,2026-03-31,,234811,yfinance,2026-07-22T12:20:48.089065Z
ADSE,"Aureus Asset Management, LLC",15000,2026-03-31,,181350,yfinance,2026-07-22T12:20:48.089065Z
ADSE,Morgan Stanley,12646,2026-03-31,,152890,yfinance,2026-07-22T12:20:48.089065Z
ADSE,Crewe Advisors LLC,5000,2026-03-31,,60450,yfinance,2026-07-22T12:20:48.089065Z
ADSK,Blackrock Inc.,21930594,2026-03-31,,4630644789,yfinance,2026-07-22T12:20:48.089065Z
ADSK,Vanguard Capital Management LLC,13780084,2026-03-31,,2909664652,yfinance,2026-07-22T12:20:48.089065Z
ADSK,State Street Corporation,9983551,2026-03-31,,2108026732,yfinance,2026-07-22T12:20:48.089065Z
ADSK,Vanguard Portfolio Management LLC,8687613,2026-03-31,,1834389431,yfinance,2026-07-22T12:20:48.089065Z
ADSK,Invesco Ltd.,7082526,2026-03-31,,1495475321,yfinance,2026-07-22T12:20:48.089065Z
ADSK,"Geode Capital Management, LLC",5825938,2026-03-31,,1230146773,yfinance,2026-07-22T12:20:48.089065Z
ADSK,LOOMIS SAYLES & CO L P,5740231,2026-03-31,,1212049740,yfinance,2026-07-22T12:20:48.089065Z
ADSK,"FMR, LLC",5038067,2026-03-31,,1063787816,yfinance,2026-07-22T12:20:48.089065Z
ADSK,JPMORGAN CHASE & CO,4204622,2026-03-31,,887805909,yfinance,2026-07-22T12:20:48.089065Z
ADSK,Ninety One UK Ltd,3799635,2026-06-30,,802292907,yfinance,2026-07-22T12:20:48.089065Z
ADT,State Farm Mutual Automobile Insurance Co,133333333,2026-03-31,,918666646,yfinance,2026-07-22T12:20:48.089065Z
ADT,"Apollo Management Holdings, L.P.",102000366,2026-03-31,,702782508,yfinance,2026-07-22T12:20:48.089065Z
ADT,Blackrock Inc.,62757465,2026-03-31,,432398925,yfinance,2026-07-22T12:20:48.089065Z
ADT,Vanguard Portfolio Management LLC,45767952,2026-03-31,,315341183,yfinance,2026-07-22T12:20:48.089065Z
ADT,Dimensional Fund Advisors LP,39887288,2026-03-31,,274823408,yfinance,2026-07-22T12:20:48.089065Z
ADT,"AQR Capital Management, LLC",33546946,2026-03-31,,231138453,yfinance,2026-07-22T12:20:48.089065Z
ADT,LSV Asset Management,29784400,2026-03-31,,205214512,yfinance,2026-07-22T12:20:48.089065Z
ADT,Vanguard Capital Management LLC,22316573,2026-03-31,,153761184,yfinance,2026-07-22T12:20:48.089065Z
ADT,"Ariel Investments, LLC",19475052,2026-03-31,,134183105,yfinance,2026-07-22T12:20:48.089065Z
ADT,State Street Corporation,18963469,2026-03-31,,130658298,yfinance,2026-07-22T12:20:48.089065Z
ADTN,Blackrock Inc.,7840254,2026-03-31 00:00:00,,95180686,yfinance,2026-07-22T12:36:44.305953Z
ADTN,Vanguard Portfolio Management LLC,4771452,2026-03-31 00:00:00,,57925428,yfinance,2026-07-22T12:36:44.305953Z
ADTN,Vanguard Capital Management LLC,3426230,2026-03-31 00:00:00,,41594433,yfinance,2026-07-22T12:36:44.305953Z
ADTN,Royce & Associates LP,3127403,2026-03-31 00:00:00,,37966673,yfinance,2026-07-22T12:36:44.305953Z
ADTN,DnB Asset Management AS,3123679,2026-03-31 00:00:00,,37921464,yfinance,2026-07-22T12:36:44.305953Z
ADTN,State Street Corporation,2350737,2026-03-31 00:00:00,,28537947,yfinance,2026-07-22T12:36:44.305953Z
ADTN,"William Blair Investment Management, LLC",1989530,2026-03-31 00:00:00,,24152894,yfinance,2026-07-22T12:36:44.305953Z
ADTN,Millennium Management Llc,1896411,2026-03-31 00:00:00,,23022430,yfinance,2026-07-22T12:36:44.305953Z
ADTN,Morgan Stanley,1832872,2026-03-31 00:00:00,,22251066,yfinance,2026-07-22T12:36:44.305953Z
ADTN,"Geode Capital Management, LLC",1819123,2026-03-31 00:00:00,,22084153,yfinance,2026-07-22T12:36:44.305953Z
ADUR,"Diametric Capital, Lp",116835,2026-03-31 00:00:00,,1676582,yfinance,2026-07-22T12:36:44.305953Z
ADUR,"Susquehanna International Group, LLP",79334,2026-03-31 00:00:00,,1138442,yfinance,2026-07-22T12:36:44.305953Z
ADUR,UBS Group AG,75217,2026-03-31 00:00:00,,1079363,yfinance,2026-07-22T12:36:44.305953Z
ADUR,Fiduciary Alliance LLC,64961,2026-06-30 00:00:00,,932190,yfinance,2026-07-22T12:36:44.305953Z
ADUR,HRT Financial LP,42461,2026-03-31 00:00:00,,609315,yfinance,2026-07-22T12:36:44.305953Z
ADUR,"Raymond James Financial, Inc.",42396,2026-03-31 00:00:00,,608382,yfinance,2026-07-22T12:36:44.305953Z
ADUR,"DGS Capital Management, LLC",37966,2026-03-31 00:00:00,,544812,yfinance,2026-07-22T12:36:44.305953Z
ADUR,Stifel Financial Corporation,36892,2026-03-31 00:00:00,,529400,yfinance,2026-07-22T12:36:44.305953Z
ADUR,"IMC-Chicago, LLC",32572,2026-03-31 00:00:00,,467408,yfinance,2026-07-22T12:36:44.305953Z
ADUR,"NewEdge Advisors, LLC",32416,2026-03-31 00:00:00,,465169,yfinance,2026-07-22T12:36:44.305953Z
ADV,Castleknight Management LP,748323,2026-03-31 00:00:00,,27725366,yfinance,2026-07-22T12:36:44.305953Z
ADV,"Leonard Green & Partners, L.P.",618000,2026-03-31 00:00:00,,22896899,yfinance,2026-07-22T12:36:44.305953Z
ADV,CVC Management Holdings II Ltd.,611600,2026-03-31 00:00:00,,22659779,yfinance,2026-07-22T12:36:44.305953Z
ADV,"Atairos Partners GP, Inc.",439430,2026-03-31 00:00:00,,16280881,yfinance,2026-07-22T12:36:44.305953Z
ADV,Blackrock Inc.,281289,2026-03-31 00:00:00,,10421757,yfinance,2026-07-22T12:36:44.305953Z
ADV,Vanguard Capital Management LLC,233632,2026-03-31 00:00:00,,8656065,yfinance,2026-07-22T12:36:44.305953Z
ADV,Dimensional Fund Advisors LP,157061,2026-03-31 00:00:00,,5819109,yfinance,2026-07-22T12:36:44.305953Z
ADV,"Charles Schwab Investment Management, Inc.",131848,2026-03-31 00:00:00,,4884968,yfinance,2026-07-22T12:36:44.305953Z
ADV,"Geode Capital Management, LLC",116023,2026-03-31 00:00:00,,4298652,yfinance,2026-07-22T12:36:44.305953Z
ADV,Bain Capital Investors Llc,115600,2026-03-31 00:00:00,,4282979,yfinance,2026-07-22T12:36:44.305953Z
ADX,Lazard Asset Management LLC,3567556,2026-03-31 00:00:00,,93898072,yfinance,2026-07-22T12:36:44.305953Z
ADX,"Raymond James Financial, Inc.",1292952,2026-03-31 00:00:00,,34030496,yfinance,2026-07-22T12:36:44.305953Z
ADX,Morgan Stanley,1163271,2026-03-31 00:00:00,,30617292,yfinance,2026-07-22T12:36:44.305953Z
ADX,Cohen & Steers Inc.,1121635,2026-03-31 00:00:00,,29521432,yfinance,2026-07-22T12:36:44.305953Z
ADX,"Bensler, LLC                          ",1054967,2026-03-31 00:00:00,,27766731,yfinance,2026-07-22T12:36:44.305953Z
ADX,Royal Bank of Canada,980325,2026-03-31 00:00:00,,25802153,yfinance,2026-07-22T12:36:44.305953Z
ADX,"Blue Bell Private Wealth Management, LLC",894195,2026-03-31 00:00:00,,23535212,yfinance,2026-07-22T12:36:44.305953Z
ADX,Stifel Financial Corporation,417542,2026-03-31 00:00:00,,10989705,yfinance,2026-07-22T12:36:44.305953Z
ADX,"Advisors Asset Management, Inc.",398930,2026-03-31 00:00:00,,10499837,yfinance,2026-07-22T12:36:44.305953Z
ADX,LPL Financial LLC,387092,2026-03-31 00:00:00,,10188261,yfinance,2026-07-22T12:36:44.305953Z
AEBI,Pzena Investment Management LLC,4110850,2026-03-31 00:00:00,,53523268,yfinance,2026-07-22T12:36:44.305953Z
AEBI,"T. Rowe Price Investment Management, Inc.",3817612,2026-03-31 00:00:00,,49705309,yfinance,2026-07-22T12:36:44.305953Z
AEBI,Blackrock Inc.,3055981,2026-03-31 00:00:00,,39788874,yfinance,2026-07-22T12:36:44.305953Z
AEBI,"Zuckerman Investment Group, LLC",1895202,2026-03-31 00:00:00,,24675530,yfinance,2026-07-22T12:36:44.305953Z
AEBI,"Medina Value Partners, LLC",1602638,2026-03-31 00:00:00,,20866347,yfinance,2026-07-22T12:36:44.305953Z
AEBI,Dimensional Fund Advisors LP,1514248,2026-03-31 00:00:00,,19715509,yfinance,2026-07-22T12:36:44.305953Z
AEBI,Royce & Associates LP,1259966,2026-03-31 00:00:00,,16404757,yfinance,2026-07-22T12:36:44.305953Z
AEBI,"Ancora Advisors, LLC",985500,2026-03-31 00:00:00,,12831210,yfinance,2026-07-22T12:36:44.305953Z
AEBI,LOOMIS SAYLES & CO L P,940215,2026-03-31 00:00:00,,12241599,yfinance,2026-07-22T12:36:44.305953Z
AEBI,"Newedge Wealth, LLC",919470,2026-03-31 00:00:00,,11971499,yfinance,2026-07-22T12:36:44.305953Z
AEE,Blackrock Inc.,23797354,2026-03-31 00:00:00,,2616281156,yfinance,2026-07-22T12:36:44.305953Z
AEE,Price (T.Rowe) Associates Inc,21361624,2026-03-31 00:00:00,,2348496994,yfinance,2026-07-22T12:36:44.305953Z
AEE,Vanguard Capital Management LLC,17925853,2026-03-31 00:00:00,,1970768322,yfinance,2026-07-22T12:36:44.305953Z
AEE,Vanguard Portfolio Management LLC,15836894,2026-03-31 00:00:00,,1741108165,yfinance,2026-07-22T12:36:44.305953Z
AEE,State Street Corporation,14929384,2026-03-31 00:00:00,,1641336513,yfinance,2026-07-22T12:36:44.305953Z
AEE,"Geode Capital Management, LLC",7658257,2026-03-31 00:00:00,,841948793,yfinance,2026-07-22T12:36:44.305953Z
AEE,"T. Rowe Price Investment Management, Inc.",7534288,2026-03-31 00:00:00,,828319641,yfinance,2026-07-22T12:36:44.305953Z
AEE,"Ameriprise Financial, Inc.",6273520,2026-03-31 00:00:00,,689710804,yfinance,2026-07-22T12:36:44.305953Z
AEE,"Franklin Resources, Inc.",5682375,2026-03-31 00:00:00,,624720321,yfinance,2026-07-22T12:36:44.305953Z
AEE,Janus Henderson Group PLC,5377156,2026-03-31 00:00:00,,591164543,yfinance,2026-07-22T12:36:44.305953Z
AEG,Dodge & Cox Inc.,50556509,2026-03-31 00:00:00,,462086509,yfinance,2026-07-22T12:36:44.305953Z
AEG,Dimensional Fund Advisors LP,11741711,2026-03-31 00:00:00,,107319242,yfinance,2026-07-22T12:36:44.305953Z
AEG,Morgan Stanley,10520790,2026-03-31 00:00:00,,96160024,yfinance,2026-07-22T12:36:44.305953Z
AEG,"Arrowstreet Capital, Limited Partnership",5631844,2026-03-31 00:00:00,,51475056,yfinance,2026-07-22T12:36:44.305953Z
AEG,Blackrock Inc.,5293258,2026-03-31 00:00:00,,48380379,yfinance,2026-07-22T12:36:44.305953Z
AEG,Goldman Sachs Group Inc,4562422,2026-03-31 00:00:00,,41700538,yfinance,2026-07-22T12:36:44.305953Z
AEG,"Jane Street Group, LLC",3303388,2026-03-31 00:00:00,,30192967,yfinance,2026-07-22T12:36:44.305953Z
AEG,UBS Group AG,2741866,2026-03-31 00:00:00,,25060656,yfinance,2026-07-22T12:36:44.305953Z
AEG,"Raymond James Financial, Inc.",2451515,2026-03-31 00:00:00,,22406847,yfinance,2026-07-22T12:36:44.305953Z
AEG,"Quantinno Capital Management, LP",1735351,2026-03-31 00:00:00,,15861108,yfinance,2026-07-22T12:36:44.305953Z
AEHR,Blackrock Inc.,2286899,2026-03-31 00:00:00,,226197188,yfinance,2026-07-22T12:36:44.305953Z
AEHR,"FMR, LLC",2142639,2026-03-31 00:00:00,,211928431,yfinance,2026-07-22T12:36:44.305953Z
AEHR,"AWM Investment Company, Inc.",1593971,2026-03-31 00:00:00,,157659677,yfinance,2026-07-22T12:36:44.305953Z
AEHR,Price (T.Rowe) Associates Inc,1349351,2026-03-31 00:00:00,,133464312,yfinance,2026-07-22T12:36:44.305953Z
AEHR,Vanguard Capital Management LLC,1281857,2026-03-31 00:00:00,,126788480,yfinance,2026-07-22T12:36:44.305953Z
AEHR,Goldman Sachs Group Inc,1262043,2026-03-31 00:00:00,,124828677,yfinance,2026-07-22T12:36:44.305953Z
AEHR,BAILLIE GIFFORD & CO,1001018,2026-03-31 00:00:00,,99010694,yfinance,2026-07-22T12:36:44.305953Z
AEHR,Vanguard Portfolio Management LLC,917876,2026-03-31 00:00:00,,90787118,yfinance,2026-07-22T12:36:44.305953Z
AEHR,Next Century Growth Investors LLC,754737,2026-03-31 00:00:00,,74651039,yfinance,2026-07-22T12:36:44.305953Z
AEHR,"Geode Capital Management, LLC",725711,2026-03-31 00:00:00,,71780077,yfinance,2026-07-22T12:36:44.305953Z
AEIS,Blackrock Inc.,6470740,2026-03-31 00:00:00,,1965228390,yfinance,2026-07-22T12:36:44.305953Z
AEIS,Vanguard Portfolio Management LLC,2319376,2026-03-31 00:00:00,,704417665,yfinance,2026-07-22T12:36:44.305953Z
AEIS,Invesco Ltd.,1832738,2026-03-31 00:00:00,,556620842,yfinance,2026-07-22T12:36:44.305953Z
AEIS,Vanguard Capital Management LLC,1692377,2026-03-31 00:00:00,,513991804,yfinance,2026-07-22T12:36:44.305953Z
AEIS,"FMR, LLC",1586650,2026-03-31 00:00:00,,481881457,yfinance,2026-07-22T12:36:44.305953Z
AEIS,State Street Corporation,1451136,2026-03-31 00:00:00,,440724502,yfinance,2026-07-22T12:36:44.305953Z
AEIS,"Ameriprise Financial, Inc.",1310558,2026-03-31 00:00:00,,398029558,yfinance,2026-07-22T12:36:44.305953Z
AEIS,Earnest Partners LLC,1226487,2026-03-31 00:00:00,,372496356,yfinance,2026-07-22T12:36:44.305953Z
AEIS,"Geode Capital Management, LLC",1120237,2026-03-31 00:00:00,,340227169,yfinance,2026-07-22T12:36:44.305953Z
AEIS,Bank of America Corporation,1061129,2026-03-31 00:00:00,,322275479,yfinance,2026-07-22T12:36:44.305953Z
AEM,Capital World Investors,21626307,2026-03-31 00:00:00,,3062717491,yfinance,2026-07-22T12:36:44.305953Z
AEM,Van Eck Associates Corporation,21213276,2026-03-31 00:00:00,,3004224043,yfinance,2026-07-22T12:36:44.305953Z
AEM,"FMR, LLC",19577184,2026-03-31 00:00:00,,2772520702,yfinance,2026-07-22T12:36:44.305953Z
AEM,Royal Bank of Canada,15031299,2026-03-31 00:00:00,,2128732490,yfinance,2026-07-22T12:36:44.305953Z
AEM,Vanguard Capital Management LLC,13736734,2026-03-31 00:00:00,,1945396202,yfinance,2026-07-22T12:36:44.305953Z
AEM,FIL LTD,12617456,2026-03-31 00:00:00,,1786884057,yfinance,2026-07-22T12:36:44.305953Z
AEM,Massachusetts Financial Services Co.,11867001,2026-03-31 00:00:00,,1680604623,yfinance,2026-07-22T12:36:44.305953Z
AEM,Bank of Montreal /CAN/,10369783,2026-03-31 00:00:00,,1468568617,yfinance,2026-07-22T12:36:44.305953Z
AEM,"TD Asset Management, Inc",9764366,2026-03-31 00:00:00,,1382829465,yfinance,2026-07-22T12:36:44.305953Z
AEM,Mackenzie Financial Corporation,8843378,2026-03-31 00:00:00,,1252399149,yfinance,2026-07-22T12:36:44.305953Z
AEO,Blackrock Inc.,25014566,2026-03-31 00:00:00,,434252881,yfinance,2026-07-22T12:36:44.305953Z
AEO,Vanguard Portfolio Management LLC,10341596,2026-03-31 00:00:00,,179530112,yfinance,2026-07-22T12:36:44.305953Z
AEO,Dimensional Fund Advisors LP,9261614,2026-03-31 00:00:00,,160781624,yfinance,2026-07-22T12:36:44.305953Z
AEO,Vanguard Capital Management LLC,6856869,2026-03-31 00:00:00,,119035250,yfinance,2026-07-22T12:36:44.305953Z
AEO,American Century Companies Inc,6768388,2026-03-31 00:00:00,,117499219,yfinance,2026-07-22T12:36:44.305953Z
AEO,State Street Corporation,6643938,2026-03-31 00:00:00,,115338767,yfinance,2026-07-22T12:36:44.305953Z
AEO,"Arrowstreet Capital, Limited Partnership",6336392,2026-03-31 00:00:00,,109999768,yfinance,2026-07-22T12:36:44.305953Z
AEO,Goldman Sachs Group Inc,5210754,2026-03-31 00:00:00,,90458692,yfinance,2026-07-22T12:36:44.305953Z
AEO,"Shaw D.E. & Co., Inc.",4514641,2026-03-31 00:00:00,,78374170,yfinance,2026-07-22T12:36:44.305953Z
AEO,"Geode Capital Management, LLC",3876298,2026-03-31 00:00:00,,67292535,yfinance,2026-07-22T12:36:44.305953Z
AEP,Blackrock Inc.,47797729,2026-03-31 00:00:00,,6236647475,yfinance,2026-07-22T12:36:44.305953Z
AEP,Vanguard Capital Management LLC,35138422,2026-03-31 00:00:00,,4584861152,yfinance,2026-07-22T12:36:44.305953Z
AEP,State Street Corporation,30288136,2026-03-31 00:00:00,,3951995855,yfinance,2026-07-22T12:36:44.305953Z
AEP,Invesco Ltd.,19053297,2026-03-31 00:00:00,,2486074111,yfinance,2026-07-22T12:36:44.305953Z
AEP,Vanguard Portfolio Management LLC,15608556,2026-03-31 00:00:00,,2036604320,yfinance,2026-07-22T12:36:44.305953Z
AEP,GQG Partners LLC,15025884,2026-03-31 00:00:00,,1960577280,yfinance,2026-07-22T12:36:44.305953Z
AEP,Morgan Stanley,14486169,2026-03-31 00:00:00,,1890155269,yfinance,2026-07-22T12:36:44.305953Z
AEP,"Geode Capital Management, LLC",14222791,2026-03-31 00:00:00,,1855789708,yfinance,2026-07-22T12:36:44.305953Z
AEP,"Wellington Management Group, LLP",13156392,2026-03-31 00:00:00,,1716645971,yfinance,2026-07-22T12:36:44.305953Z
AEP,Barclays Plc,10367590,2026-03-31 00:00:00,,1352763098,yfinance,2026-07-22T12:36:44.305953Z
AER,Blackrock Inc.,12938190,2026-03-31 00:00:00,,1963758462,yfinance,2026-07-22T12:36:44.305953Z
AER,Eagle Capital Management LLC,7315306,2026-03-31 00:00:00,,1110317135,yfinance,2026-07-22T12:36:44.305953Z
AER,Harris Associates L.P.,5901622,2026-03-31 00:00:00,,895748179,yfinance,2026-07-22T12:36:44.305953Z
AER,State Street Corporation,5093957,2026-03-31 00:00:00,,773160787,yfinance,2026-07-22T12:36:44.305953Z
AER,Price (T.Rowe) Associates Inc,4098282,2026-03-31 00:00:00,,622037236,yfinance,2026-07-22T12:36:44.305953Z
AER,"Franklin Resources, Inc.",3789356,2026-03-31 00:00:00,,575148449,yfinance,2026-07-22T12:36:44.305953Z
AER,"Two Sigma Investments, LP",3535599,2026-03-31 00:00:00,,536633211,yfinance,2026-07-22T12:36:44.305953Z
AER,"Donald Smith & Co., Inc.",3150675,2026-03-31 00:00:00,,478209447,yfinance,2026-07-22T12:36:44.305953Z
AER,"59 North Capital Management, LP",3123399,2026-03-31 00:00:00,,474069496,yfinance,2026-07-22T12:36:44.305953Z
AER,JPMORGAN CHASE & CO,3071135,2026-03-31 00:00:00,,466136866,yfinance,2026-07-22T12:36:44.305953Z
AERO,"Strategic Value Partners, LLC",9486266,2026-03-31 00:00:00,,144380971,yfinance,2026-07-22T12:36:44.305953Z
AERO,"Nut Tree Capital Management, LP",6392821,2026-03-31 00:00:00,,97298737,yfinance,2026-07-22T12:36:44.305953Z
AERO,Vr Advisory Services Ltd,5187423,2026-03-31 00:00:00,,78952579,yfinance,2026-07-22T12:36:44.305953Z
AERO,BAUPOST GROUP LLC/MA,4880188,2026-03-31 00:00:00,,74276462,yfinance,2026-07-22T12:36:44.305953Z
AERO,Oaktree Capital Management LP,3968686,2026-03-31 00:00:00,,60403401,yfinance,2026-07-22T12:36:44.305953Z
AERO,DSC Meridian Capital LP,2851895,2026-03-31 00:00:00,,43405842,yfinance,2026-07-22T12:36:44.305953Z
AERO,Gilder Gagnon Howe & Co LLC,2437743,2026-03-31 00:00:00,,37102449,yfinance,2026-07-22T12:36:44.305953Z
AERO,"Corre Partners Management, LLC",2167491,2026-03-31 00:00:00,,32989213,yfinance,2026-07-22T12:36:44.305953Z
AERO,"Apollo Management Holdings, L.P.",27505017,2026-03-31 00:00:00,,418626366,yfinance,2026-07-22T12:36:44.305953Z
AERO,Silver Point Capital L.p.,13819754,2026-03-31 00:00:00,,210336659,yfinance,2026-07-22T12:36:44.305953Z
AES,Blackrock Inc.,47166516,2026-03-31 00:00:00,,699007752,yfinance,2026-07-22T12:36:44.305953Z
AES,Vanguard Capital Management LLC,46282323,2026-03-31 00:00:00,,685904012,yfinance,2026-07-22T12:36:44.305953Z
AES,State Street Corporation,42981339,2026-03-31 00:00:00,,636983430,yfinance,2026-07-22T12:36:44.305953Z
AES,Vanguard Portfolio Management LLC,35509772,2026-03-31 00:00:00,,526254810,yfinance,2026-07-22T12:36:44.305953Z
AES,"Ameriprise Financial, Inc.",33071890,2026-03-31 00:00:00,,490125399,yfinance,2026-07-22T12:36:44.305953Z
AES,"Geode Capital Management, LLC",24509600,2026-03-31 00:00:00,,363232264,yfinance,2026-07-22T12:36:44.305953Z
AES,Morgan Stanley,24294029,2026-03-31 00:00:00,,360037502,yfinance,2026-07-22T12:36:44.305953Z
AES,Invesco Ltd.,18262730,2026-03-31 00:00:00,,270653653,yfinance,2026-07-22T12:36:44.305953Z
AES,UBS Group AG,14950042,2026-03-31 00:00:00,,221559617,yfinance,2026-07-22T12:36:44.305953Z
AES,"SG Americas Securities, LLC",14280668,2026-03-31 00:00:00,,211639495,yfinance,2026-07-22T12:36:44.305953Z
AESI,Blackrock Inc.,11490854,2026-03-31 00:00:00,,163629758,yfinance,2026-07-22T12:36:44.305953Z
AESI,"Encompass Capital Advisors, LLC",9135182,2026-03-31 00:00:00,,130084989,yfinance,2026-07-22T12:36:44.305953Z
AESI,Vanguard Portfolio Management LLC,4846431,2026-03-31 00:00:00,,69013176,yfinance,2026-07-22T12:36:44.305953Z
AESI,"Cooperman, Leon G.",4083175,2026-03-31 00:00:00,,58144411,yfinance,2026-07-22T12:36:44.305953Z
AESI,Vanguard Capital Management LLC,3530536,2026-03-31 00:00:00,,50274831,yfinance,2026-07-22T12:36:44.305953Z
AESI,State Street Corporation,3358027,2026-03-31 00:00:00,,47818303,yfinance,2026-07-22T12:36:44.305953Z
AESI,"Barrow, Hanley Mewhinney & Strauss, LLC",3149891,2026-03-31 00:00:00,,44854447,yfinance,2026-07-22T12:36:44.305953Z
AESI,Janus Henderson Group PLC,2563334,2026-03-31 00:00:00,,36501875,yfinance,2026-07-22T12:36:44.305953Z
AESI,Cooke & Bieler LP,2515894,2026-03-31 00:00:00,,35826329,yfinance,2026-07-22T12:36:44.305953Z
AESI,Millennium Management Llc,2464227,2026-03-31 00:00:00,,35090591,yfinance,2026-07-22T12:36:44.305953Z
AEVA,Sylebra Capital LLC,16228553,2026-03-31 00:00:00,,287083111,yfinance,2026-07-22T12:36:44.305953Z
AEVA,Canaan Partners XI LLC,3597039,2026-06-30 00:00:00,,63631621,yfinance,2026-07-22T12:36:44.305953Z
AEVA,Blackrock Inc.,2770212,2026-03-31 00:00:00,,49005051,yfinance,2026-07-22T12:36:44.305953Z
AEVA,"Apollo Management Holdings, L.P.",1390725,2026-03-31 00:00:00,,24601925,yfinance,2026-07-22T12:36:44.305953Z
AEVA,Parkwood LLC,1260627,2026-03-31 00:00:00,,22300492,yfinance,2026-07-22T12:36:44.305953Z
AEVA,Millennium Management Llc,1231362,2026-03-31 00:00:00,,21782794,yfinance,2026-07-22T12:36:44.305953Z
AEVA,Think Investments LP,1200000,2026-03-31 00:00:00,,21228000,yfinance,2026-07-22T12:36:44.305953Z
AEVA,Vanguard Capital Management LLC,1189728,2026-03-31 00:00:00,,21046288,yfinance,2026-07-22T12:36:44.305953Z
AEVA,"Point72 Asset Management, L.P.",1139920,2026-03-31 00:00:00,,20165185,yfinance,2026-07-22T12:36:44.305953Z
AEVA,Delta Global Management LP,1105868,2026-03-31 00:00:00,,19562805,yfinance,2026-07-22T12:36:44.305953Z
AEXA,"ExodusPoint Capital Management, LP",1645000,2026-03-31 00:00:00,,18917500,yfinance,2026-07-22T12:36:44.305953Z
AEXA,"Empyrean Capital Partners, LP",1230000,2026-03-31 00:00:00,,14145000,yfinance,2026-07-22T12:36:44.305953Z
AEXA,"Moore Capital Management, LP",1200000,2026-03-31 00:00:00,,13800000,yfinance,2026-07-22T12:36:44.305953Z
AEXA,"Shaw D.E. & Co., Inc.",1200000,2026-03-31 00:00:00,,13800000,yfinance,2026-07-22T12:36:44.305953Z
AEXA,Alberta Investment Management Corp,1100000,2026-03-31 00:00:00,,12650000,yfinance,2026-07-22T12:36:44.305953Z
AEXA,Magnetar Financial LLC,1100000,2026-03-31 00:00:00,,12650000,yfinance,2026-07-22T12:36:44.305953Z
AEXA,Healthcare of Ontario Pension Plan Trust Fund,1100000,2026-03-31 00:00:00,,12650000,yfinance,2026-07-22T12:36:44.305953Z
AEXA,Philosophy Capital Management Llc,1004367,2026-03-31 00:00:00,,11550220,yfinance,2026-07-22T12:36:44.305953Z
AEXA,"Highbridge Capital Management, LLC.",1000300,2026-03-31 00:00:00,,11503450,yfinance,2026-07-22T12:36:44.305953Z
AEXA,Allianz Asset Management GmbH,900000,2026-03-31 00:00:00,,10350000,yfinance,2026-07-22T12:36:44.305953Z
AFG,Blackrock Inc.,6835077,2026-03-31 00:00:00,,966821620,yfinance,2026-07-22T12:36:44.305953Z
AFG,"FMR, LLC",6373439,2026-03-31 00:00:00,,901522927,yfinance,2026-07-22T12:36:44.305953Z
AFG,Vanguard Portfolio Management LLC,3912066,2026-03-31 00:00:00,,553361723,yfinance,2026-07-22T12:36:44.305953Z
AFG,Vanguard Capital Management LLC,3284836,2026-03-31 00:00:00,,464640042,yfinance,2026-07-22T12:36:44.305953Z
AFG,State Street Corporation,3011117,2026-03-31 00:00:00,,425922490,yfinance,2026-07-22T12:36:44.305953Z
AFG,American Financial Group Inc 401(k) Retirement & Savings Plan,2366711,2026-03-31 00:00:00,,334771263,yfinance,2026-07-22T12:36:44.305953Z
AFG,"Charles Schwab Investment Management, Inc.",2100409,2026-03-31 00:00:00,,297102846,yfinance,2026-07-22T12:36:44.305953Z
AFG,Victory Capital Management Inc.,2037965,2026-03-31 00:00:00,,288270143,yfinance,2026-07-22T12:36:44.305953Z
AFG,"Geode Capital Management, LLC",1672720,2026-03-31 00:00:00,,236606238,yfinance,2026-07-22T12:36:44.305953Z
AFG,Dimensional Fund Advisors LP,1506510,2026-03-31 00:00:00,,213095834,yfinance,2026-07-22T12:36:44.305953Z
AFL,"Japan Post Holdings Co., Ltd.",50898490,2026-06-30 00:00:00,,6290544192,yfinance,2026-07-22T12:36:44.305953Z
AFL,Blackrock Inc.,36205291,2026-03-31 00:00:00,,4474611782,yfinance,2026-07-22T12:36:44.305953Z
AFL,Vanguard Capital Management LLC,30254403,2026-03-31 00:00:00,,3739141555,yfinance,2026-07-22T12:36:44.305953Z
AFL,State Street Corporation,23600470,2026-03-31 00:00:00,,2916782000,yfinance,2026-07-22T12:36:44.305953Z
AFL,Vanguard Portfolio Management LLC,18242564,2026-03-31 00:00:00,,2254598417,yfinance,2026-07-22T12:36:44.305953Z
AFL,"Geode Capital Management, LLC",10717264,2026-03-31 00:00:00,,1324546618,yfinance,2026-07-22T12:36:44.305953Z
AFL,Wells Fargo & Company,10548868,2026-03-31 00:00:00,,1303734557,yfinance,2026-07-22T12:36:44.305953Z
AFL,Morgan Stanley,7901444,2026-03-31 00:00:00,,976539435,yfinance,2026-07-22T12:36:44.305953Z
AFL,Northern Trust Corporation,6550837,2026-03-31 00:00:00,,809617920,yfinance,2026-07-22T12:36:44.305953Z
AFL,Dimensional Fund Advisors LP,4550855,2026-03-31 00:00:00,,562440152,yfinance,2026-07-22T12:36:44.305953Z
AFRM,Capital Research Global Investors,24592033,2026-03-31 00:00:00,,1837516735,yfinance,2026-07-22T12:36:44.305953Z
AFRM,Capital World Investors,22512923,2026-03-31 00:00:00,,1682165634,yfinance,2026-07-22T12:36:44.305953Z
AFRM,Morgan Stanley,21715982,2026-03-31 00:00:00,,1622618201,yfinance,2026-07-22T12:36:44.305953Z
AFRM,Blackrock Inc.,18732493,2026-03-31 00:00:00,,1399691899,yfinance,2026-07-22T12:36:44.305953Z
AFRM,"FMR, LLC",17294381,2026-03-31 00:00:00,,1292236169,yfinance,2026-07-22T12:36:44.305953Z
AFRM,Vanguard Capital Management LLC,12152375,2026-03-31 00:00:00,,908025474,yfinance,2026-07-22T12:36:44.305953Z
AFRM,Vanguard Portfolio Management LLC,11599993,2026-03-31 00:00:00,,866751491,yfinance,2026-07-22T12:36:44.305953Z
AFRM,State Street Corporation,6031141,2026-03-31 00:00:00,,450646862,yfinance,2026-07-22T12:36:44.305953Z
AFRM,Durable Capital Partners Lp,5649434,2026-03-31 00:00:00,,422125715,yfinance,2026-07-22T12:36:44.305953Z
AFRM,"Geode Capital Management, LLC",5522772,2026-03-31 00:00:00,,412661530,yfinance,2026-07-22T12:36:44.305953Z
AFYA,"FMR, LLC",2702407,2026-03-31 00:00:00,,37833698,yfinance,2026-07-22T12:36:44.305953Z
AFYA,Softbank Group Corporation,2433323,2026-03-31 00:00:00,,34066522,yfinance,2026-07-22T12:36:44.305953Z
AFYA,Doma Perpetual Capital Management LLC,2285093,2026-03-31 00:00:00,,31991302,yfinance,2026-07-22T12:36:44.305953Z
AFYA,BAMCO Inc.,1483658,2026-03-31 00:00:00,,20771212,yfinance,2026-07-22T12:36:44.305953Z
AFYA,"Renaissance Technologies, LLC",379000,2026-03-31 00:00:00,,5306000,yfinance,2026-07-22T12:36:44.305953Z
AFYA,Blackrock Inc.,334575,2026-03-31 00:00:00,,4684050,yfinance,2026-07-22T12:36:44.305953Z
AFYA,"Two Sigma Investments, LP",322286,2026-03-31 00:00:00,,4512004,yfinance,2026-07-22T12:36:44.305953Z
AFYA,Swedbank AB,189200,2026-06-30 00:00:00,,2648800,yfinance,2026-07-22T12:36:44.305953Z
AFYA,State Street Corporation,129013,2026-03-31 00:00:00,,1806182,yfinance,2026-07-22T12:36:44.305953Z
AFYA,"Shaw D.E. & Co., Inc.",104506,2026-03-31 00:00:00,,1463084,yfinance,2026-07-22T12:36:44.305953Z
AG,Van Eck Associates Corporation,38013052,2026-03-31 00:00:00,,641280219,yfinance,2026-07-22T12:36:44.305953Z
AG,Tidal Investments LLC,21059804,2026-03-31 00:00:00,,355278911,yfinance,2026-07-22T12:36:44.305953Z
AG,Mirae Asset Global ETFs Holdings Ltd.,18493793,2026-03-31 00:00:00,,311990303,yfinance,2026-07-22T12:36:44.305953Z
AG,Vanguard Capital Management LLC,13255263,2026-03-31 00:00:00,,223616297,yfinance,2026-07-22T12:36:44.305953Z
AG,"Arrowstreet Capital, Limited Partnership",12166588,2026-03-31 00:00:00,,205250349,yfinance,2026-07-22T12:36:44.305953Z
AG,Alps Advisors Inc.,10317411,2026-03-31 00:00:00,,174054732,yfinance,2026-07-22T12:36:44.305953Z
AG,Lingotto Investment Management LLP,10016055,2026-03-31 00:00:00,,168970856,yfinance,2026-07-22T12:36:44.305953Z
AG,Jupiter Asset Management Limited,8721883,2026-03-31 00:00:00,,147138173,yfinance,2026-07-22T12:36:44.305953Z
AG,Bank of America Corporation,6082824,2026-03-31 00:00:00,,102617245,yfinance,2026-07-22T12:36:44.305953Z
AG,TEACHER RETIREMENT SYSTEM OF TEXAS,4732148,2026-03-31 00:00:00,,79831340,yfinance,2026-07-22T12:36:44.305953Z
AGBK,Capital World Investors,2175000,2026-03-31 00:00:00,,14550750,yfinance,2026-07-22T12:36:44.305953Z
AGBK,Blackrock Inc.,2089086,2026-03-31 00:00:00,,13975985,yfinance,2026-07-22T12:36:44.305953Z
AGBK,"Point72 Asset Management, L.P.",1337362,2026-03-31 00:00:00,,8946951,yfinance,2026-07-22T12:36:44.305953Z
AGBK,FIL LTD,1222924,2026-03-31 00:00:00,,8181361,yfinance,2026-07-22T12:36:44.305953Z
AGBK,Advent International LP,1125000,2026-03-31 00:00:00,,7526250,yfinance,2026-07-22T12:36:44.305953Z
AGBK,"Samlyn Capital, LLC",1064972,2026-03-31 00:00:00,,7124662,yfinance,2026-07-22T12:36:44.305953Z
AGBK,Millennium Management Llc,1001408,2026-03-31 00:00:00,,6699419,yfinance,2026-07-22T12:36:44.305953Z
AGBK,Marshall Wace LLP,963709,2026-03-31 00:00:00,,6447213,yfinance,2026-07-22T12:36:44.305953Z
AGBK,Verde Servicos Internacionais S.a.,784971,2026-03-31 00:00:00,,5251456,yfinance,2026-07-22T12:36:44.305953Z
AGBK,Citadel Advisors Llc,595905,2026-03-31 00:00:00,,3986604,yfinance,2026-07-22T12:36:44.305953Z
AGCC,HRT Financial LP,34711,2026-03-31 00:00:00,,521359,yfinance,2026-07-22T12:36:44.305953Z
AGCC,"Geode Capital Management, LLC",11730,2026-03-31 00:00:00,,176184,yfinance,2026-07-22T12:36:44.305953Z
AGCC,Virtu Financial LLC,10176,2026-03-31 00:00:00,,152843,yfinance,2026-07-22T12:36:44.305953Z
AGCC,UBS Group AG,3533,2026-03-31 00:00:00,,53065,yfinance,2026-07-22T12:36:44.305953Z
AGCC,Citigroup Inc.,1,2026-03-31 00:00:00,,15,yfinance,2026-07-22T12:36:44.305953Z
AGCC,BNP Paribas Financial Markets,589,2026-03-31 00:00:00,,8846,yfinance,2026-07-22T12:36:44.305953Z
AGCC,Tower Research Capital LLC (TRC),1,2026-03-31 00:00:00,,15,yfinance,2026-07-22T12:36:44.305953Z
AGCC,Morgan Stanley,6,2026-03-31 00:00:00,,90,yfinance,2026-07-22T12:36:44.305953Z
AGCO,Blackrock Inc.,5804530,2026-03-31 00:00:00,,648888414,yfinance,2026-07-22T12:36:44.305953Z
AGCO,Price (T.Rowe) Associates Inc,5210230,2026-03-31 00:00:00,,582451616,yfinance,2026-07-22T12:36:44.305953Z
AGCO,Dimensional Fund Advisors LP,3537474,2026-03-31 00:00:00,,395454221,yfinance,2026-07-22T12:36:44.305953Z
AGCO,Massachusetts Financial Services Co.,2863256,2026-03-31 00:00:00,,320083390,yfinance,2026-07-22T12:36:44.305953Z
AGCO,Vanguard Portfolio Management LLC,2781430,2026-03-31 00:00:00,,310936062,yfinance,2026-07-22T12:36:44.305953Z
AGCO,Vanguard Capital Management LLC,2627005,2026-03-31 00:00:00,,293672891,yfinance,2026-07-22T12:36:44.305953Z
AGCO,Capital World Investors,2504042,2026-03-31 00:00:00,,279926857,yfinance,2026-07-22T12:36:44.305953Z
AGCO,Victory Capital Management Inc.,2191147,2026-03-31 00:00:00,,244948325,yfinance,2026-07-22T12:36:44.305953Z
AGCO,Invesco Ltd.,2171333,2026-03-31 00:00:00,,242733318,yfinance,2026-07-22T12:36:44.305953Z
AGCO,Davis Selected Advisers,2086643,2026-03-31 00:00:00,,233265822,yfinance,2026-07-22T12:36:44.305953Z
AGI,Van Eck Associates Corporation,37223301,2026-03-31 00:00:00,,1098831862,yfinance,2026-07-22T12:36:44.305953Z
AGI,"FMR, LLC",11588637,2026-03-31 00:00:00,,342096569,yfinance,2026-07-22T12:36:44.305953Z
AGI,Vanguard Capital Management LLC,11509371,2026-03-31 00:00:00,,339756637,yfinance,2026-07-22T12:36:44.305953Z
AGI,Royal Bank of Canada,7437251,2026-03-31 00:00:00,,219547652,yfinance,2026-07-22T12:36:44.305953Z
AGI,"Franklin Resources, Inc.",7149477,2026-03-31 00:00:00,,211052564,yfinance,2026-07-22T12:36:44.305953Z
AGI,"Arrowstreet Capital, Limited Partnership",7173842,2026-03-31 00:00:00,,211771819,yfinance,2026-07-22T12:36:44.305953Z
AGI,Mackenzie Financial Corporation,6337502,2026-03-31 00:00:00,,187083061,yfinance,2026-07-22T12:36:44.305953Z
AGI,CIBC Asset Management Inc.,6271604,2026-03-31 00:00:00,,185137752,yfinance,2026-07-22T12:36:44.305953Z
AGI,"First Eagle Investment Management, LLC",6169791,2026-03-31 00:00:00,,182132233,yfinance,2026-07-22T12:36:44.305953Z
AGI,FIL LTD,5704096,2026-03-31 00:00:00,,168384916,yfinance,2026-07-22T12:36:44.305953Z
AGM,Blackrock Inc.,737476,2026-03-31 00:00:00,,153181144,yfinance,2026-07-22T12:36:44.305953Z
AGM,Thrivent Financial For Lutherans,439069,2026-03-31 00:00:00,,91199024,yfinance,2026-07-22T12:36:44.305953Z
AGM,Vanguard Capital Management LLC,396966,2026-03-31 00:00:00,,82453810,yfinance,2026-07-22T12:36:44.305953Z
AGM,Dimensional Fund Advisors LP,395276,2026-03-31 00:00:00,,82102780,yfinance,2026-07-22T12:36:44.305953Z
AGM,"Principal Financial Group, Inc.",351330,2026-03-31 00:00:00,,72974756,yfinance,2026-07-22T12:36:44.305953Z
AGM,"Charles Schwab Investment Management, Inc.",323589,2026-03-31 00:00:00,,67212673,yfinance,2026-07-22T12:36:44.305953Z
AGM,American Century Companies Inc,323373,2026-03-31 00:00:00,,67167808,yfinance,2026-07-22T12:36:44.305953Z
AGM,"Wellington Management Group, LLP",318072,2026-03-31 00:00:00,,66066737,yfinance,2026-07-22T12:36:44.305953Z
AGM,Boston Partners,277878,2026-03-31 00:00:00,,57718041,yfinance,2026-07-22T12:36:44.305953Z
AGM,Capital World Investors,275768,2026-03-31 00:00:00,,57279773,yfinance,2026-07-22T12:36:44.305953Z
AGNC,Blackrock Inc.,60420012,2026-03-31 00:00:00,,651327713,yfinance,2026-07-22T12:36:44.305953Z
AGNC,Vanguard Capital Management LLC,49402041,2026-03-31 00:00:00,,532553988,yfinance,2026-07-22T12:36:44.305953Z
AGNC,Vanguard Portfolio Management LLC,44901292,2026-03-31 00:00:00,,484035915,yfinance,2026-07-22T12:36:44.305953Z
AGNC,UBS Group AG,23093117,2026-03-31 00:00:00,,248943795,yfinance,2026-07-22T12:36:44.305953Z
AGNC,"Geode Capital Management, LLC",20892908,2026-03-31 00:00:00,,225225542,yfinance,2026-07-22T12:36:44.305953Z
AGNC,State Street Corporation,19069168,2026-03-31 00:00:00,,205565625,yfinance,2026-07-22T12:36:44.305953Z
AGNC,Equity Investment Corp,9694264,2026-03-31 00:00:00,,104504163,yfinance,2026-07-22T12:36:44.305953Z
AGNC,Bank of America Corporation,8658310,2026-03-31 00:00:00,,93336579,yfinance,2026-07-22T12:36:44.305953Z
AGNC,Qube Research & Technologies Ltd,7785530,2026-03-31 00:00:00,,83928011,yfinance,2026-07-22T12:36:44.305953Z
AGNC,"Charles Schwab Investment Management, Inc.",7715742,2026-03-31 00:00:00,,83175696,yfinance,2026-07-22T12:36:44.305953Z
AGNT,Blackrock Inc.,13573209,2026-03-31 00:00:00,,60129313,yfinance,2026-07-22T12:36:44.305953Z
AGNT,Vanguard Portfolio Management LLC,8924311,2026-03-31 00:00:00,,39534696,yfinance,2026-07-22T12:36:44.305953Z
AGNT,Vanguard Capital Management LLC,4211985,2026-03-31 00:00:00,,18659092,yfinance,2026-07-22T12:36:44.305953Z
AGNT,State Street Corporation,3334034,2026-03-31 00:00:00,,14769770,yfinance,2026-07-22T12:36:44.305953Z
AGNT,"Renaissance Technologies, LLC",2682816,2026-03-31 00:00:00,,11884874,yfinance,2026-07-22T12:36:44.305953Z
AGNT,"Geode Capital Management, LLC",2523005,2026-03-31 00:00:00,,11176911,yfinance,2026-07-22T12:36:44.305953Z
AGNT,"Charles Schwab Investment Management, Inc.",2067151,2026-03-31 00:00:00,,9157478,yfinance,2026-07-22T12:36:44.305953Z
AGNT,Goldman Sachs Group Inc,1578222,2026-03-31 00:00:00,,6991523,yfinance,2026-07-22T12:36:44.305953Z
AGNT,"Nuveen, LLC",1231764,2026-03-31 00:00:00,,5456714,yfinance,2026-07-22T12:36:44.305953Z
AGNT,Morgan Stanley,1217828,2026-03-31 00:00:00,,5394977,yfinance,2026-07-22T12:36:44.305953Z
AGO,Blackrock Inc.,5780463,2026-03-31 00:00:00,,489952056,yfinance,2026-07-22T12:36:44.305953Z
AGO,Vanguard Portfolio Management LLC,3925791,2026-03-31 00:00:00,,332750053,yfinance,2026-07-22T12:36:44.305953Z
AGO,Dimensional Fund Advisors LP,3011751,2026-03-31 00:00:00,,255276021,yfinance,2026-07-22T12:36:44.305953Z
AGO,Vanguard Capital Management LLC,1965693,2026-03-31 00:00:00,,166612142,yfinance,2026-07-22T12:36:44.305953Z
AGO,State Street Corporation,1572236,2026-03-31 00:00:00,,133262726,yfinance,2026-07-22T12:36:44.305953Z
AGO,First Trust Advisors LP,1356635,2026-03-31 00:00:00,,114988385,yfinance,2026-07-22T12:36:44.305953Z
AGO,American Century Companies Inc,1316129,2026-03-31 00:00:00,,111555096,yfinance,2026-07-22T12:36:44.305953Z
AGO,"Reinhart Partners, LLC",1246181,2026-06-30 00:00:00,,105626304,yfinance,2026-07-22T12:36:44.305953Z
AGO,"River Road Asset Management, LLC",1160270,2026-06-30 00:00:00,,98344487,yfinance,2026-07-22T12:36:44.305953Z
AGO,Royce & Associates LP,982147,2026-03-31 00:00:00,,83246781,yfinance,2026-07-22T12:36:44.305953Z
AGRO,Citadel Advisors Llc,1299851,2026-03-31 00:00:00,,14012393,yfinance,2026-07-22T12:36:44.305953Z
AGRO,"Discovery Capital Management, LLC",1274217,2026-03-31 00:00:00,,13736058,yfinance,2026-07-22T12:36:44.305953Z
AGRO,"Two Sigma Investments, LP",1108197,2026-03-31 00:00:00,,11946363,yfinance,2026-07-22T12:36:44.305953Z
AGRO,PGGM Investments,1030557,2026-03-31 00:00:00,,11109404,yfinance,2026-07-22T12:36:44.305953Z
AGRO,"Jane Street Group, LLC",872601,2026-03-31 00:00:00,,9406638,yfinance,2026-07-22T12:36:44.305953Z
AGRO,Mirae Asset Global ETFs Holdings Ltd.,847979,2026-03-31 00:00:00,,9141213,yfinance,2026-07-22T12:36:44.305953Z
AGRO,"Shaw D.E. & Co., Inc.",610126,2026-03-31 00:00:00,,6577158,yfinance,2026-07-22T12:36:44.305953Z
AGRO,Sagil Capital LLP,503476,2026-03-31 00:00:00,,5427471,yfinance,2026-07-22T12:36:44.305953Z
AGRO,UBS Group AG,471101,2026-03-31 00:00:00,,5078468,yfinance,2026-07-22T12:36:44.305953Z
AGRO,Morgan Stanley,445242,2026-03-31 00:00:00,,4799708,yfinance,2026-07-22T12:36:44.305953Z
AGX,Blackrock Inc.,2123299,2026-03-31 00:00:00,,1285700051,yfinance,2026-07-22T12:36:44.305953Z
AGX,First Trust Advisors LP,791353,2026-03-31 00:00:00,,479180084,yfinance,2026-07-22T12:36:44.305953Z
AGX,"Renaissance Technologies, LLC",610899,2026-03-31 00:00:00,,369911574,yfinance,2026-07-22T12:36:44.305953Z
AGX,Vanguard Capital Management LLC,587466,2026-03-31 00:00:00,,355722423,yfinance,2026-07-22T12:36:44.305953Z
AGX,State Street Corporation,517656,2026-03-31 00:00:00,,313451071,yfinance,2026-07-22T12:36:44.305953Z
AGX,Vanguard Portfolio Management LLC,517624,2026-03-31 00:00:00,,313431694,yfinance,2026-07-22T12:36:44.305953Z
AGX,Maverick Capital Ltd.,464759,2026-03-31 00:00:00,,281420878,yfinance,2026-07-22T12:36:44.305953Z
AGX,"Geode Capital Management, LLC",459303,2026-03-31 00:00:00,,278117161,yfinance,2026-07-22T12:36:44.305953Z
AGX,American Century Companies Inc,421648,2026-03-31 00:00:00,,255316305,yfinance,2026-07-22T12:36:44.305953Z
AGX,Dimensional Fund Advisors LP,397962,2026-03-31 00:00:00,,240973958,yfinance,2026-07-22T12:36:44.305953Z
AGYS,Blackrock Inc.,3894780,2026-03-31 00:00:00,,392009612,yfinance,2026-07-22T12:36:44.305953Z
AGYS,MAK Capital One LLC,1192730,2026-03-31 00:00:00,,120048276,yfinance,2026-07-22T12:36:44.305953Z
AGYS,Vanguard Capital Management LLC,1138010,2026-03-31 00:00:00,,114540708,yfinance,2026-07-22T12:36:44.305953Z
AGYS,Vanguard Portfolio Management LLC,1077039,2026-03-31 00:00:00,,108403976,yfinance,2026-07-22T12:36:44.305953Z
AGYS,State Street Corporation,1040974,2026-03-31 00:00:00,,104774034,yfinance,2026-07-22T12:36:44.305953Z
AGYS,Wasatch Advisors LP,937420,2026-06-30 00:00:00,,94351324,yfinance,2026-07-22T12:36:44.305953Z
AGYS,"FMR, LLC",836435,2026-03-31 00:00:00,,84187184,yfinance,2026-07-22T12:36:44.305953Z
AGYS,American Century Companies Inc,733780,2026-03-31 00:00:00,,73854958,yfinance,2026-07-22T12:36:44.305953Z
AGYS,"Wellington Management Group, LLP",721752,2026-03-31 00:00:00,,72644339,yfinance,2026-07-22T12:36:44.305953Z
AGYS,"Conestoga Capital Advisors, LLC",683741,2026-03-31 00:00:00,,68818532,yfinance,2026-07-22T12:36:44.305953Z
AHG,"Renaissance Technologies, LLC",98398,2026-03-31 00:00:00,,157436,yfinance,2026-07-22T12:36:44.305953Z
AHG,Northern Trust Corporation,46875,2026-03-31 00:00:00,,75000,yfinance,2026-07-22T12:36:44.305953Z
AHG,"Smartharvest Portfolios, LLC",35429,2026-03-31 00:00:00,,56686,yfinance,2026-07-22T12:36:44.305953Z
AHG,"Jane Street Group, LLC",31237,2026-03-31 00:00:00,,49979,yfinance,2026-07-22T12:36:44.305953Z
AHG,Blackrock Inc.,37,2026-03-31 00:00:00,,59,yfinance,2026-07-22T12:36:44.305953Z
AHG,"Geode Capital Management, LLC",14973,2026-03-31 00:00:00,,23956,yfinance,2026-07-22T12:36:44.305953Z
AHR,Blackrock Inc.,28741094,2026-03-31 00:00:00,,1655486970,yfinance,2026-07-22T12:36:44.305953Z
AHR,Vanguard Portfolio Management LLC,16124024,2026-03-31 00:00:00,,928743757,yfinance,2026-07-22T12:36:44.305953Z
AHR,State Street Corporation,9545044,2026-03-31 00:00:00,,549794519,yfinance,2026-07-22T12:36:44.305953Z
AHR,"Wellington Management Group, LLP",8283787,2026-03-31 00:00:00,,477146118,yfinance,2026-07-22T12:36:44.305953Z
AHR,Vanguard Capital Management LLC,8198624,2026-03-31 00:00:00,,472240729,yfinance,2026-07-22T12:36:44.305953Z
AHR,"Principal Financial Group, Inc.",7423206,2026-03-31 00:00:00,,427576654,yfinance,2026-07-22T12:36:44.305953Z
AHR,Invesco Ltd.,6778768,2026-03-31 00:00:00,,390457026,yfinance,2026-07-22T12:36:44.305953Z
AHR,"Geode Capital Management, LLC",6190551,2026-03-31 00:00:00,,356575728,yfinance,2026-07-22T12:36:44.305953Z
AHR,"FMR, LLC",5064371,2026-03-31 00:00:00,,291707761,yfinance,2026-07-22T12:36:44.305953Z
AHR,"Prudential Financial, Inc.",3518357,2026-03-31 00:00:00,,202657357,yfinance,2026-07-22T12:36:44.305953Z
AHRT,Blackrock Inc.,6846770,2026-03-31 00:00:00,,48817470,yfinance,2026-07-22T12:36:44.305953Z
AHRT,Vanguard Portfolio Management LLC,4034148,2026-03-31 00:00:00,,28763475,yfinance,2026-07-22T12:36:44.305953Z
AHRT,Vanguard Capital Management LLC,3494102,2026-03-31 00:00:00,,24912947,yfinance,2026-07-22T12:36:44.305953Z
AHRT,Irenic Capital Management LP                          ,3485643,2026-03-31 00:00:00,,24852634,yfinance,2026-07-22T12:36:44.305953Z
AHRT,Mirae Asset Global ETFs Holdings Ltd.,3006679,2026-03-31 00:00:00,,21437621,yfinance,2026-07-22T12:36:44.305953Z
AHRT,"Franklin Resources, Inc.",2181150,2026-03-31 00:00:00,,15551599,yfinance,2026-07-22T12:36:44.305953Z
AHRT,"Geode Capital Management, LLC",2111248,2026-03-31 00:00:00,,15053198,yfinance,2026-07-22T12:36:44.305953Z
AHRT,State Street Corporation,2092699,2026-03-31 00:00:00,,14920944,yfinance,2026-07-22T12:36:44.305953Z
AHRT,Invesco Ltd.,1881267,2026-03-31 00:00:00,,13413433,yfinance,2026-07-22T12:36:44.305953Z
AHRT,"Jane Street Group, LLC",1345910,2026-03-31 00:00:00,,9596338,yfinance,2026-07-22T12:36:44.305953Z
AI,Blackrock Inc.,12206443,2026-03-31 00:00:00,,104853347,yfinance,2026-07-22T12:36:44.305953Z
AI,Vanguard Portfolio Management LLC,8544184,2026-03-31 00:00:00,,73394541,yfinance,2026-07-22T12:36:44.305953Z
AI,Vanguard Capital Management LLC,5840704,2026-03-31 00:00:00,,50171648,yfinance,2026-07-22T12:36:44.305953Z
AI,Morgan Stanley,5725696,2026-03-31 00:00:00,,49183729,yfinance,2026-07-22T12:36:44.305953Z
AI,Goldman Sachs Group Inc,3841926,2026-03-31 00:00:00,,33002144,yfinance,2026-07-22T12:36:44.305953Z
AI,Bank of America Corporation,3282183,2026-03-31 00:00:00,,28193952,yfinance,2026-07-22T12:36:44.305953Z
AI,State Street Corporation,3150583,2026-03-31 00:00:00,,27063508,yfinance,2026-07-22T12:36:44.305953Z
AI,"Geode Capital Management, LLC",2925794,2026-03-31 00:00:00,,25132570,yfinance,2026-07-22T12:36:44.305953Z
AI,Millennium Management Llc,2848762,2026-03-31 00:00:00,,24470866,yfinance,2026-07-22T12:36:44.305953Z
AI,Mirae Asset Global ETFs Holdings Ltd.,2357236,2026-03-31 00:00:00,,20248657,yfinance,2026-07-22T12:36:44.305953Z
AIAI,"Covenant Asset Management, LLC",16893,2026-06-30 00:00:00,,114534,yfinance,2026-07-22T12:36:44.305953Z
AIG,Blackrock Inc.,46671041,2026-03-31 00:00:00,,3744884230,yfinance,2026-07-22T12:36:44.305953Z
AIG,Vanguard Capital Management LLC,34871570,2026-03-31 00:00:00,,2798094702,yfinance,2026-07-22T12:36:44.305953Z
AIG,"Wellington Management Group, LLP",28370434,2026-03-31 00:00:00,,2276443563,yfinance,2026-07-22T12:36:44.305953Z
AIG,Vanguard Portfolio Management LLC,27196061,2026-03-31 00:00:00,,2182211876,yfinance,2026-07-22T12:36:44.305953Z
AIG,State Street Corporation,24918447,2026-03-31 00:00:00,,1999456134,yfinance,2026-07-22T12:36:44.305953Z
AIG,Harris Associates L.P.,20596978,2026-03-31 00:00:00,,1652701470,yfinance,2026-07-22T12:36:44.305953Z
AIG,Price (T.Rowe) Associates Inc,13875306,2026-03-31 00:00:00,,1113354523,yfinance,2026-07-22T12:36:44.305953Z
AIG,Invesco Ltd.,12862405,2026-03-31 00:00:00,,1032079349,yfinance,2026-07-22T12:36:44.305953Z
AIG,"Geode Capital Management, LLC",12545294,2026-03-31 00:00:00,,1006634363,yfinance,2026-07-22T12:36:44.305953Z
AIG,"Franklin Resources, Inc.",11694651,2026-03-31 00:00:00,,938378771,yfinance,2026-07-22T12:36:44.305953Z
AIIR,Fidelity Concord Street Trust-Fidelity Nasdaq Composite Index Fund,11018,2026-05-31 00:00:00,,63739,yfinance,2026-07-22T12:36:44.305953Z
AIN,Blackrock Inc.,4206617,2026-03-31 00:00:00,,319324311,yfinance,2026-07-22T12:36:44.305953Z
AIN,Earnest Partners LLC,2507136,2026-03-31 00:00:00,,190316702,yfinance,2026-07-22T12:36:44.305953Z
AIN,Vanguard Portfolio Management LLC,1777475,2026-03-31 00:00:00,,134928133,yfinance,2026-07-22T12:36:44.305953Z
AIN,American Century Companies Inc,1444239,2026-03-31 00:00:00,,109632187,yfinance,2026-07-22T12:36:44.305953Z
AIN,Vanguard Capital Management LLC,1287771,2026-03-31 00:00:00,,97754701,yfinance,2026-07-22T12:36:44.305953Z
AIN,State Street Corporation,1104406,2026-03-31 00:00:00,,83835463,yfinance,2026-07-22T12:36:44.305953Z
AIN,Bank of America Corporation,1043579,2026-03-31 00:00:00,,79218085,yfinance,2026-07-22T12:36:44.305953Z
AIN,Dimensional Fund Advisors LP,914927,2026-03-31 00:00:00,,69452111,yfinance,2026-07-22T12:36:44.305953Z
AIN,"Barrow, Hanley Mewhinney & Strauss, LLC",867898,2026-03-31 00:00:00,,65882140,yfinance,2026-07-22T12:36:44.305953Z
AIN,SEI Investments Co,786470,2026-03-31 00:00:00,,59700940,yfinance,2026-07-22T12:36:44.305953Z
AIO,Morgan Stanley,1084779,2026-03-31 00:00:00,,28193405,yfinance,2026-07-22T12:36:44.305953Z
AIO,Bank of America Corporation,818600,2026-03-31 00:00:00,,21275413,yfinance,2026-07-22T12:36:44.305953Z
AIO,Wells Fargo & Company,639062,2026-03-31 00:00:00,,16609221,yfinance,2026-07-22T12:36:44.305953Z
AIO,UBS Group AG,432242,2026-03-31 00:00:00,,11233969,yfinance,2026-07-22T12:36:44.305953Z
AIO,"Ameriprise Financial, Inc.",378044,2026-03-31 00:00:00,,9825363,yfinance,2026-07-22T12:36:44.305953Z
AIO,Royal Bank of Canada,364064,2026-03-31 00:00:00,,9462023,yfinance,2026-07-22T12:36:44.305953Z
AIO,"Saba Capital Management, L.P.",243827,2026-03-31 00:00:00,,6337063,yfinance,2026-07-22T12:36:44.305953Z
AIO,"Advisors Asset Management, Inc.",213532,2026-03-31 00:00:00,,5549696,yfinance,2026-07-22T12:36:44.305953Z
AIO,"Karpus Management, Inc.",193632,2026-03-31 00:00:00,,5032495,yfinance,2026-07-22T12:36:44.305953Z
AIO,"Wolverine Asset Management, LLC",164699,2026-03-31 00:00:00,,4280526,yfinance,2026-07-22T12:36:44.305953Z
AIOT,Blackrock Inc.,9966731,2026-03-31 00:00:00,,41561269,yfinance,2026-07-22T12:36:44.305953Z
AIOT,"Private Capital Management, LLC",7476858,2026-03-31 00:00:00,,31178498,yfinance,2026-07-22T12:36:44.305953Z
AIOT,"Disciplined Growth Investors, Inc.",7316172,2026-03-31 00:00:00,,30508437,yfinance,2026-07-22T12:36:44.305953Z
AIOT,"Private Management Group, Inc.",5512522,2026-03-31 00:00:00,,22987217,yfinance,2026-07-22T12:36:44.305953Z
AIOT,Vanguard Capital Management LLC,5110652,2026-03-31 00:00:00,,21311419,yfinance,2026-07-22T12:36:44.305953Z
AIOT,Royce & Associates LP,4982318,2026-03-31 00:00:00,,20776266,yfinance,2026-07-22T12:36:44.305953Z
AIOT,"AWM Investment Company, Inc.",4701506,2026-03-31 00:00:00,,19605280,yfinance,2026-07-22T12:36:44.305953Z
AIOT,Dimensional Fund Advisors LP,4129670,2026-03-31 00:00:00,,17220724,yfinance,2026-07-22T12:36:44.305953Z
AIOT,"Samjo Management, LLC",3992117,2026-03-31 00:00:00,,16647128,yfinance,2026-07-22T12:36:44.305953Z
AIOT,325 Capital Llc,3837410,2026-03-31 00:00:00,,16001999,yfinance,2026-07-22T12:36:44.305953Z
AIP,"Needham Investment Management, L.L.C.",3952500,2026-03-31 00:00:00,,135254554,yfinance,2026-07-22T12:36:44.305953Z
AIP,Blackrock Inc.,2100704,2026-03-31 00:00:00,,71886093,yfinance,2026-07-22T12:36:44.305953Z
AIP,"Franklin Resources, Inc.",1767539,2026-03-31 00:00:00,,60485186,yfinance,2026-07-22T12:36:44.305953Z
AIP,Vanguard Capital Management LLC,1366677,2026-03-31 00:00:00,,46767688,yfinance,2026-07-22T12:36:44.305953Z
AIP,"Samjo Management, LLC",1144030,2026-03-31 00:00:00,,39148707,yfinance,2026-07-22T12:36:44.305953Z
AIP,Goldman Sachs Group Inc,947528,2026-03-31 00:00:00,,32424409,yfinance,2026-07-22T12:36:44.305953Z
AIP,Acadian Asset Management. LLC,933521,2026-03-31 00:00:00,,31945089,yfinance,2026-07-22T12:36:44.305953Z
AIP,State Street Corporation,816859,2026-03-31 00:00:00,,27952915,yfinance,2026-07-22T12:36:44.305953Z
AIP,"Geode Capital Management, LLC",791316,2026-03-31 00:00:00,,27078834,yfinance,2026-07-22T12:36:44.305953Z
AIP,"Nuveen, LLC",773857,2026-03-31 00:00:00,,26481387,yfinance,2026-07-22T12:36:44.305953Z
AIR,Blackrock Inc.,6174043,2026-03-31 00:00:00,,873009642,yfinance,2026-07-22T12:36:44.305953Z
AIR,State Street Corporation,2587621,2026-03-31 00:00:00,,365889593,yfinance,2026-07-22T12:36:44.305953Z
AIR,Vanguard Portfolio Management LLC,2129922,2026-03-31 00:00:00,,301170957,yfinance,2026-07-22T12:36:44.305953Z
AIR,Dimensional Fund Advisors LP,1944689,2026-03-31 00:00:00,,274979012,yfinance,2026-07-22T12:36:44.305953Z
AIR,Vanguard Capital Management LLC,1696769,2026-03-31 00:00:00,,239923126,yfinance,2026-07-22T12:36:44.305953Z
AIR,Invesco Ltd.,1393658,2026-03-31 00:00:00,,197063232,yfinance,2026-07-22T12:36:44.305953Z
AIR,Earnest Partners LLC,1305070,2026-03-31 00:00:00,,184536890,yfinance,2026-07-22T12:36:44.305953Z
AIR,Capital Research Global Investors,1223260,2026-03-31 00:00:00,,172968956,yfinance,2026-07-22T12:36:44.305953Z
AIR,"Geode Capital Management, LLC",974334,2026-03-31 00:00:00,,137770821,yfinance,2026-07-22T12:36:44.305953Z
AIR,Westwood Holdings Group Inc.,948672,2026-03-31 00:00:00,,134142215,yfinance,2026-07-22T12:36:44.305953Z
AIT,Blackrock Inc.,3838564,2026-03-31 00:00:00,,1309449356,yfinance,2026-07-22T12:36:44.305953Z
AIT,Vanguard Portfolio Management LLC,2122438,2026-03-31 00:00:00,,724027285,yfinance,2026-07-22T12:36:44.305953Z
AIT,Vanguard Capital Management LLC,1669795,2026-03-31 00:00:00,,569617176,yfinance,2026-07-22T12:36:44.305953Z
AIT,State Street Corporation,1207223,2026-03-31 00:00:00,,411819987,yfinance,2026-07-22T12:36:44.305953Z
AIT,First Trust Advisors LP,978840,2026-03-31 00:00:00,,333911693,yfinance,2026-07-22T12:36:44.305953Z
AIT,"AQR Capital Management, LLC",919611,2026-03-31 00:00:00,,313706904,yfinance,2026-07-22T12:36:44.305953Z
AIT,"Geode Capital Management, LLC",900628,2026-03-31 00:00:00,,307231234,yfinance,2026-07-22T12:36:44.305953Z
AIT,"Wellington Management Group, LLP",754560,2026-03-31 00:00:00,,257403056,yfinance,2026-07-22T12:36:44.305953Z
AIT,Dimensional Fund Advisors LP,721249,2026-03-31 00:00:00,,246039674,yfinance,2026-07-22T12:36:44.305953Z
AIT,"Alyeska Investment Group, L.p.",602767,2026-03-31 00:00:00,,205621909,yfinance,2026-07-22T12:36:44.305953Z
AIZ,Bank Of New York Mellon Corporation,4816951,2026-03-31 00:00:00,,1328707746,yfinance,2026-07-22T12:36:44.305953Z
AIZ,Blackrock Inc.,3945876,2026-03-31 00:00:00,,1088430421,yfinance,2026-07-22T12:36:44.305953Z
AIZ,"T. Rowe Price Investment Management, Inc.",3272043,2026-03-31 00:00:00,,902560329,yfinance,2026-07-22T12:36:44.305953Z
AIZ,Vanguard Capital Management LLC,3243504,2026-03-31 00:00:00,,894688131,yfinance,2026-07-22T12:36:44.305953Z
AIZ,Vanguard Portfolio Management LLC,3008137,2026-03-31 00:00:00,,829764499,yfinance,2026-07-22T12:36:44.305953Z
AIZ,State Street Corporation,2531416,2026-03-31 00:00:00,,698265780,yfinance,2026-07-22T12:36:44.305953Z
AIZ,"Geode Capital Management, LLC",1406786,2026-03-31 00:00:00,,388047845,yfinance,2026-07-22T12:36:44.305953Z
AIZ,Invesco Ltd.,1226447,2026-03-31 00:00:00,,338303135,yfinance,2026-07-22T12:36:44.305953Z
AIZ,Price (T.Rowe) Associates Inc,1146514,2026-03-31 00:00:00,,316254417,yfinance,2026-07-22T12:36:44.305953Z
AIZ,Dimensional Fund Advisors LP,1125406,2026-03-31 00:00:00,,310431986,yfinance,2026-07-22T12:36:44.305953Z
AJG,JPMORGAN CHASE & CO,19568047,2026-03-31 00:00:00,,4857180650,yfinance,2026-07-22T12:36:44.305953Z
AJG,Blackrock Inc.,19307796,2026-03-31 00:00:00,,4792581146,yfinance,2026-07-22T12:36:44.305953Z
AJG,Vanguard Capital Management LLC,16699898,2026-03-31 00:00:00,,4145248701,yfinance,2026-07-22T12:36:44.305953Z
AJG,"FMR, LLC",14620963,2026-03-31 00:00:00,,3629215453,yfinance,2026-07-22T12:36:44.305953Z
AJG,Capital World Investors,13817720,2026-03-31 00:00:00,,3429834475,yfinance,2026-07-22T12:36:44.305953Z
AJG,Vanguard Portfolio Management LLC,12419279,2026-03-31 00:00:00,,3082713448,yfinance,2026-07-22T12:36:44.305953Z
AJG,State Street Corporation,10973921,2026-03-31 00:00:00,,2723946684,yfinance,2026-07-22T12:36:44.305953Z
AJG,Dodge & Cox Inc.,7354915,2026-03-31 00:00:00,,1825637010,yfinance,2026-07-22T12:36:44.305953Z
AJG,"Geode Capital Management, LLC",6243640,2026-03-31 00:00:00,,1549796328,yfinance,2026-07-22T12:36:44.305953Z
AJG,Morgan Stanley,4056175,2026-03-31 00:00:00,,1006823763,yfinance,2026-07-22T12:36:44.305953Z
